solver,jobs,elapsed,error
CombinatorialBnB,20,9.479999789618887e-07,
GurobiSolver,20,3.045000084966887e-06,
CombinatorialBnB,20,2.3610000425833277e-06,
GurobiSolver,20,2.06300001082127e-06,
CombinatorialBnB,20,1.8400000953988638e-06,
GurobiSolver,20,1.3399999261309858e-06,
CombinatorialBnB,20,9.619998309062794e-07,
GurobiSolver,20,1.4050001482246444e-06,
CombinatorialBnB,20,9.559998943586834e-07,
GurobiSolver,20,1.1530000847415067e-06,
CombinatorialBnB,20,7.640001058462076e-07,
GurobiSolver,20,2.2120002540759742e-06,
CombinatorialBnB,20,1.020999661704991e-06,
GurobiSolver,20,1.0470002962392755e-06,
CombinatorialBnB,20,7.369999366346747e-07,
GurobiSolver,20,1.4900001588102896e-06,
CombinatorialBnB,20,1.0869998732232489e-06,
GurobiSolver,20,1.3419999049801845e-06,
CombinatorialBnB,20,7.630001164216083e-07,
GurobiSolver,20,1.7669999579084106e-06,
CombinatorialBnB,20,7.410003490804229e-07,
GurobiSolver,20,1.6470003174617887e-06,
CombinatorialBnB,20,8.179999895219225e-07,
GurobiSolver,20,1.9660001271404326e-06,
CombinatorialBnB,20,2.576000042608939e-06,
GurobiSolver,20,1.03899992609513e-06,
CombinatorialBnB,20,8.869997145666275e-07,
GurobiSolver,20,1.2579998838191386e-06,
CombinatorialBnB,20,8.990000424091704e-07,
GurobiSolver,20,1.2870000318798702e-06,
CombinatorialBnB,20,8.570000318286475e-07,
GurobiSolver,20,1.4840002222626936e-06,
CombinatorialBnB,20,1.168999915535096e-06,
GurobiSolver,20,1.6789999790489674e-06,
CombinatorialBnB,20,7.97999746282585e-07,
GurobiSolver,20,1.7090001165342983e-06,
CombinatorialBnB,20,8.279998837679159e-07,
GurobiSolver,20,2.5690001166367438e-06,
CombinatorialBnB,20,1.9690000954142306e-06,
GurobiSolver,20,1.7279999156016856e-06,
CombinatorialBnB,20,1.0519997886149213e-06,
GurobiSolver,20,1.2840000636060722e-06,
CombinatorialBnB,20,8.030001481529325e-07,
GurobiSolver,20,1.7550000848132186e-06,
CombinatorialBnB,20,8.389997674385086e-07,
GurobiSolver,20,1.455000074201962e-06,
CombinatorialBnB,20,1.2759996934619267e-06,
GurobiSolver,20,1.2040000001434237e-06,
CombinatorialBnB,20,9.069999578059651e-07,
GurobiSolver,20,1.6019998838601168e-06,
CombinatorialBnB,20,9.860000318440143e-07,
GurobiSolver,20,2.4870000743248966e-06,
CombinatorialBnB,20,1.1369997992005665e-06,
GurobiSolver,20,1.8410000848234631e-06,
CombinatorialBnB,20,8.950000847107731e-07,
GurobiSolver,20,1.6349999896192458e-06,
CombinatorialBnB,20,8.909996722650249e-07,
GurobiSolver,20,1.2740001693600789e-06,
CombinatorialBnB,20,1.0120002116309479e-06,
GurobiSolver,20,1.3399000181379961e-05,
CombinatorialBnB,20,1.2420000530255493e-06,
GurobiSolver,20,1.303999852098059e-06,
CombinatorialBnB,20,1.0060002750833519e-06,
GurobiSolver,20,1.3809999472869094e-06,
CombinatorialBnB,20,8.110000635497272e-07,
GurobiSolver,20,1.3449998732539825e-06,
CombinatorialBnB,20,9.629998203308787e-07,
GurobiSolver,20,1.440000232832972e-06,
CombinatorialBnB,20,9.380000847158954e-07,
GurobiSolver,20,1.2119999155402184e-06,
CombinatorialBnB,20,1.1279998943791725e-06,
GurobiSolver,20,1.919000169436913e-06,
CombinatorialBnB,20,1.0789999578264542e-06,
GurobiSolver,20,1.2119999155402184e-06,
CombinatorialBnB,20,1.3919998309575021e-06,
GurobiSolver,20,1.7239999579032883e-06,
CombinatorialBnB,20,1.032999989547534e-06,
GurobiSolver,20,1.2669997886405326e-06,
CombinatorialBnB,20,1.0559997463133186e-06,
GurobiSolver,20,1.247000000148546e-06,
CombinatorialBnB,20,1.2150003385613672e-06,
GurobiSolver,20,1.3829999261361081e-06,
CombinatorialBnB,20,1.1369997992005665e-06,
GurobiSolver,20,1.404000158800045e-06,
CombinatorialBnB,20,1.1110000741609838e-06,
GurobiSolver,20,2.2719996195519343e-06,
CombinatorialBnB,20,1.1799997992056888e-06,
GurobiSolver,20,1.3239996405900456e-06,
CombinatorialBnB,20,1.018000148178544e-06,
GurobiSolver,20,1.3310000213095918e-06,
CombinatorialBnB,20,1.0160001693293452e-06,
GurobiSolver,20,1.2450000212993473e-06,
CombinatorialBnB,20,1.0140001904801466e-06,
GurobiSolver,20,1.2810000953322742e-06,
CombinatorialBnB,20,1.1180000001331791e-06,
GurobiSolver,20,1.0510002539376728e-06,
CombinatorialBnB,20,1.1709998943842947e-06,
GurobiSolver,20,1.3379999472817872e-06,
CombinatorialBnB,20,1.0399999155197293e-06,
GurobiSolver,20,1.1140000424347818e-06,
CombinatorialBnB,20,1.2830000741814729e-06,
GurobiSolver,20,1.168999915535096e-06,
CombinatorialBnB,20,1.1830002222268376e-06,
GurobiSolver,20,1.2000000424450263e-06,
CombinatorialBnB,20,1.3260000741865952e-06,
GurobiSolver,20,1.300999883824261e-06,
CombinatorialBnB,20,2.04800016945228e-06,
GurobiSolver,20,1.2929999684274662e-06,
CombinatorialBnB,20,8.629999683762435e-07,
GurobiSolver,20,1.2710002010862809e-06,
CombinatorialBnB,20,1.7219999790540896e-06,
GurobiSolver,20,1.5880000319157261e-06,
CombinatorialBnB,20,1.2870000318798702e-06,
GurobiSolver,20,2.86799968307605e-06,
CombinatorialBnB,20,9.76000137598021e-07,
GurobiSolver,20,1.1619999895629007e-06,
CombinatorialBnB,20,9.64000264502829e-07,
GurobiSolver,20,1.3819999367115088e-06,
CombinatorialBnB,20,1.321999661740847e-06,
GurobiSolver,20,1.3359999684325885e-06,
CombinatorialBnB,20,1.0220001058769412e-06,
GurobiSolver,20,1.779999820428202e-06,
CombinatorialBnB,20,1.0680000741558615e-06,
GurobiSolver,20,1.3940002645540517e-06,
CombinatorialBnB,20,1.2900000001536682e-06,
GurobiSolver,20,1.407000127073843e-06,
CombinatorialBnB,20,1.17799982035649e-06,
GurobiSolver,20,1.2519999472715426e-06,
CombinatorialBnB,20,1.1910001376236323e-06,
GurobiSolver,20,1.356000211671926e-06,
CombinatorialBnB,20,8.010001693037339e-07,
GurobiSolver,20,1.47299988384475e-06,
CombinatorialBnB,20,1.2780001270584762e-06,
GurobiSolver,20,1.4629999895987567e-06,
CombinatorialBnB,20,1.222999799210811e-06,
GurobiSolver,20,2.07799985219026e-06,
CombinatorialBnB,20,9.88000010693213e-07,
GurobiSolver,20,1.401000190526247e-06,
CombinatorialBnB,20,7.720000212430023e-07,
GurobiSolver,20,1.2339996828814037e-06,
CombinatorialBnB,20,1.7130000742326956e-06,
GurobiSolver,20,1.503000021330081e-06,
CombinatorialBnB,20,7.989997357071843e-07,
GurobiSolver,20,1.523999799246667e-06,
CombinatorialBnB,20,8.339998203155119e-07,
GurobiSolver,20,1.1249999261053745e-06,
CombinatorialBnB,20,1.5199998415482696e-06,
GurobiSolver,20,9.739997040014714e-07,
CombinatorialBnB,20,9.67000232776627e-07,
GurobiSolver,20,1.455000074201962e-06,
CombinatorialBnB,20,1.0459998520673253e-06,
GurobiSolver,20,1.2850000530306716e-06,
CombinatorialBnB,20,9.770001270226203e-07,
GurobiSolver,20,1.0789999578264542e-06,
CombinatorialBnB,20,9.309997039963491e-07,
GurobiSolver,20,1.3409999155555852e-06,
CombinatorialBnB,20,1.145000169344712e-06,
GurobiSolver,20,1.2030000107188243e-06,
CombinatorialBnB,20,9.380000847158954e-07,
GurobiSolver,20,1.3260000741865952e-06,
CombinatorialBnB,20,1.5760001588205341e-06,
GurobiSolver,20,1.3569997463491745e-06,
CombinatorialBnB,20,1.868000254034996e-06,
GurobiSolver,20,3.1159997888607904e-06,
CombinatorialBnB,20,1.3779999790131114e-06,
GurobiSolver,20,1.2969999261258636e-06,
CombinatorialBnB,20,1.2820000847568735e-06,
GurobiSolver,20,1.3359999684325885e-06,
CombinatorialBnB,20,7.740000000922009e-07,
GurobiSolver,20,1.1709998943842947e-06,
CombinatorialBnB,20,1.2919999790028669e-06,
GurobiSolver,20,1.0849998943740502e-06,
CombinatorialBnB,20,1.25599990496994e-06,
GurobiSolver,20,1.1710003491316456e-06,
CombinatorialBnB,20,1.021000116452342e-06,
GurobiSolver,20,2.891999884013785e-06,
CombinatorialBnB,20,1.1550000635907054e-06,
GurobiSolver,20,1.4560000636265613e-06,
CombinatorialBnB,20,1.1359998097759672e-06,
GurobiSolver,20,2.6320003598812036e-06,
CombinatorialBnB,20,1.2059999789926223e-06,
GurobiSolver,20,1.8579999050416518e-06,
CombinatorialBnB,20,9.230002433469053e-07,
GurobiSolver,20,1.8129999261873309e-06,
CombinatorialBnB,20,9.180002962239087e-07,
GurobiSolver,20,1.1730003279808443e-06,
CombinatorialBnB,20,8.789997991698328e-07,
GurobiSolver,20,1.4649999684479553e-06,
CombinatorialBnB,20,9.539999155094847e-07,
GurobiSolver,20,1.2659997992159333e-06,
CombinatorialBnB,20,8.719998731976375e-07,
GurobiSolver,20,1.4209999790182337e-06,
CombinatorialBnB,20,8.629999683762435e-07,
GurobiSolver,20,1.517999862699071e-06,
CombinatorialBnB,20,1.0499998097657226e-06,
GurobiSolver,20,1.3970002328278497e-06,
CombinatorialBnB,20,9.689997568784747e-07,
GurobiSolver,20,1.3119997674948536e-06,
CombinatorialBnB,20,9.079999472305644e-07,
GurobiSolver,20,1.2520004020188935e-06,
CombinatorialBnB,20,3.516000106174033e-06,
GurobiSolver,20,1.6220001270994544e-06,
CombinatorialBnB,20,2.437000148347579e-06,
GurobiSolver,20,1.3479998415277805e-06,
CombinatorialBnB,20,9.43000031838892e-07,
GurobiSolver,20,1.1319998520775698e-06,
CombinatorialBnB,20,9.149998732027598e-07,
GurobiSolver,20,1.1469996934465598e-06,
CombinatorialBnB,20,8.690003596711904e-07,
GurobiSolver,20,9.589998626324814e-07,
CombinatorialBnB,20,1.0989997463184409e-06,
GurobiSolver,20,1.5109999367268756e-06,
CombinatorialBnB,20,9.929999578162096e-07,
GurobiSolver,20,1.1970000741712283e-06,
CombinatorialBnB,20,1.4860002011118922e-06,
GurobiSolver,20,1.4259999261412304e-06,
CombinatorialBnB,20,1.2330001482041553e-06,
GurobiSolver,20,1.981999957934022e-06,
CombinatorialBnB,20,1.6340000001946464e-06,
GurobiSolver,20,1.199000053020427e-06,
CombinatorialBnB,20,1.485000211687293e-06,
GurobiSolver,20,1.383000380883459e-06,
CombinatorialBnB,20,1.1299998732283711e-06,
GurobiSolver,20,1.633000010770047e-06,
CombinatorialBnB,20,1.1520000953169074e-06,
GurobiSolver,20,1.4930001270840876e-06,
CombinatorialBnB,20,1.386000349157257e-06,
GurobiSolver,20,2.1249998098937795e-06,
CombinatorialBnB,20,9.079999472305644e-07,
GurobiSolver,20,1.0039998414868023e-06,
CombinatorialBnB,20,8.719998731976375e-07,
GurobiSolver,20,1.1049996828660369e-06,
CombinatorialBnB,20,8.880001587385777e-07,
GurobiSolver,20,1.168999915535096e-06,
CombinatorialBnB,20,7.419998837576713e-07,
GurobiSolver,20,1.0320000001229346e-06,
CombinatorialBnB,20,1.7699999261822086e-06,
GurobiSolver,20,1.8460000319464598e-06,
CombinatorialBnB,20,1.419000000169035e-06,
GurobiSolver,20,3.81600011678529e-06,
CombinatorialBnB,20,1.0200001270277426e-06,
GurobiSolver,20,1.7879997358249966e-06,
CombinatorialBnB,20,9.67000232776627e-07,
GurobiSolver,20,1.2190002962597646e-06,
CombinatorialBnB,20,1.4889997146383394e-06,
GurobiSolver,20,1.1219999578315765e-06,
CombinatorialBnB,20,1.0690000635804608e-06,
GurobiSolver,20,1.3990002116770484e-06,
CombinatorialBnB,20,8.960000741353724e-07,
GurobiSolver,20,1.1280003491265234e-06,
CombinatorialBnB,20,9.509999472356867e-07,
GurobiSolver,20,1.0190001376031432e-06,
CombinatorialBnB,20,8.850001904647797e-07,
GurobiSolver,20,1.1910001376236323e-06,
CombinatorialBnB,20,9.119999049289618e-07,
GurobiSolver,20,1.4069996723264921e-06,
CombinatorialBnB,20,1.4980000742070843e-06,
GurobiSolver,20,1.3060002856946085e-06,
CombinatorialBnB,20,1.2989999049750622e-06,
GurobiSolver,20,1.8539999473432545e-06,
CombinatorialBnB,20,1.0899998414970469e-06,
GurobiSolver,20,1.2870000318798702e-06,
CombinatorialBnB,20,1.1339998309267685e-06,
GurobiSolver,20,1.5440000424860045e-06,
CombinatorialBnB,20,1.0859998837986495e-06,
GurobiSolver,20,1.461000010749558e-06,
CombinatorialBnB,20,1.0080002539325505e-06,
GurobiSolver,20,1.0710000424296595e-06,
CombinatorialBnB,20,9.48999968386488e-07,
GurobiSolver,20,1.1479996828711592e-06,
CombinatorialBnB,20,9.770001270226203e-07,
GurobiSolver,20,1.3719995877181645e-06,
CombinatorialBnB,20,1.0929998097708449e-06,
GurobiSolver,20,3.3460000850027427e-06,
CombinatorialBnB,20,1.1370002539479174e-06,
GurobiSolver,20,3.3149999580928124e-06,
CombinatorialBnB,20,8.800002433417831e-07,
GurobiSolver,20,1.1249999261053745e-06,
CombinatorialBnB,20,1.2959999367012642e-06,
GurobiSolver,20,1.717000031931093e-06,
CombinatorialBnB,20,1.0580001799098682e-06,
GurobiSolver,20,1.3769999895885121e-06,
CombinatorialBnB,20,9.589998626324814e-07,
GurobiSolver,20,1.419000000169035e-06,
CombinatorialBnB,20,9.73000169324223e-07,
GurobiSolver,20,1.210999926115619e-06,
CombinatorialBnB,20,7.640001058462076e-07,
GurobiSolver,20,1.2669997886405326e-06,
CombinatorialBnB,20,8.150000212481245e-07,
GurobiSolver,20,1.4030001693754457e-06,
CombinatorialBnB,20,8.049996722547803e-07,
GurobiSolver,20,1.2640002751140855e-06,
CombinatorialBnB,20,1.1069996617152356e-06,
GurobiSolver,20,1.5420000636368059e-06,
CombinatorialBnB,20,1.1259999155299738e-06,
GurobiSolver,20,1.5090004126250278e-06,
CombinatorialBnB,20,9.010000212583691e-07,
GurobiSolver,20,1.5080004232004285e-06,
CombinatorialBnB,20,8.279998837679159e-07,
GurobiSolver,20,1.479000275139697e-06,
CombinatorialBnB,20,9.799996405490674e-07,
GurobiSolver,20,2.12399982046918e-06,
CombinatorialBnB,20,7.129997356969398e-07,
GurobiSolver,20,1.0989997463184409e-06,
CombinatorialBnB,20,8.609999895270448e-07,
GurobiSolver,20,1.404000158800045e-06,
CombinatorialBnB,20,8.939996405388229e-07,
GurobiSolver,20,1.503000021330081e-06,
CombinatorialBnB,20,1.03899992609513e-06,
GurobiSolver,20,1.6979997781163547e-06,
CombinatorialBnB,20,1.085000349121401e-06,
GurobiSolver,20,1.238000095327152e-06,
CombinatorialBnB,20,1.2620002962648869e-06,
GurobiSolver,20,1.8700002328841947e-06,
CombinatorialBnB,20,1.1070001164625864e-06,
GurobiSolver,20,1.0450003173900768e-06,
CombinatorialBnB,20,8.910001270123757e-07,
GurobiSolver,20,1.3999997463542968e-06,
CombinatorialBnB,20,8.410002010350581e-07,
GurobiSolver,20,1.2570003491418902e-06,
CombinatorialBnB,20,8.849997357174288e-07,
GurobiSolver,20,1.2270002116565593e-06,
CombinatorialBnB,20,9.739997040014714e-07,
GurobiSolver,20,1.189999693451682e-06,
CombinatorialBnB,20,9.119999049289618e-07,
GurobiSolver,20,1.5420000636368059e-06,
CombinatorialBnB,20,1.0700000530050602e-06,
GurobiSolver,20,1.3429998944047838e-06,
CombinatorialBnB,20,8.790002539171837e-07,
GurobiSolver,20,1.6530002540093847e-06,
CombinatorialBnB,20,1.017999693431193e-06,
GurobiSolver,20,1.2360001164779533e-06,
CombinatorialBnB,20,1.0789999578264542e-06,
GurobiSolver,20,1.5280002116924152e-06,
CombinatorialBnB,20,1.2890000107290689e-06,
GurobiSolver,20,1.8510004338168073e-06,
CombinatorialBnB,20,1.3449998732539825e-06,
GurobiSolver,20,1.7729998944560066e-06,
CombinatorialBnB,20,2.0190000213915482e-06,
GurobiSolver,20,1.5979999261617195e-06,
CombinatorialBnB,20,1.5529999473073985e-06,
GurobiSolver,20,2.0489997041295283e-06,
CombinatorialBnB,20,1.5350001376646105e-06,
GurobiSolver,20,2.1249998098937795e-06,
CombinatorialBnB,20,8.619999789516442e-07,
GurobiSolver,20,1.5140003597480245e-06,
CombinatorialBnB,20,1.520999830972869e-06,
GurobiSolver,20,2.076000328088412e-06,
CombinatorialBnB,20,1.0939997991954442e-06,
GurobiSolver,20,2.6230000003124587e-06,
CombinatorialBnB,20,1.130000327975722e-06,
GurobiSolver,20,1.7890001799969468e-06,
CombinatorialBnB,20,1.0669996299839113e-06,
GurobiSolver,20,1.7010002011375036e-06,
CombinatorialBnB,20,1.17799982035649e-06,
GurobiSolver,20,2.190000031987438e-06,
CombinatorialBnB,20,1.1699999049596954e-06,
GurobiSolver,20,1.2069999684172217e-06,
CombinatorialBnB,20,1.178000275103841e-06,
GurobiSolver,20,1.0030003068095539e-06,
CombinatorialBnB,20,7.520002327510156e-07,
GurobiSolver,20,1.455000074201962e-06,
CombinatorialBnB,20,1.1699999049596954e-06,
GurobiSolver,20,1.2189000244688941e-05,
CombinatorialBnB,20,7.959997674333863e-07,
GurobiSolver,20,1.4480001482297666e-06,
CombinatorialBnB,20,1.514999894425273e-06,
GurobiSolver,20,2.1220002963673323e-06,
CombinatorialBnB,20,8.629999683762435e-07,
GurobiSolver,20,1.779999820428202e-06,
CombinatorialBnB,20,1.0379999366705306e-06,
GurobiSolver,20,1.690000317466911e-06,
CombinatorialBnB,20,1.2149998838140164e-06,
GurobiSolver,20,2.7190003493160475e-06,
CombinatorialBnB,20,1.1369997992005665e-06,
GurobiSolver,20,1.7510001271148212e-06,
CombinatorialBnB,20,1.2600003174156882e-06,
GurobiSolver,20,5.002999841963174e-06,
CombinatorialBnB,20,1.0980002116411924e-06,
GurobiSolver,20,2.5469998945482075e-06,
CombinatorialBnB,20,1.1119996088382322e-06,
GurobiSolver,20,2.4080000002868474e-06,
CombinatorialBnB,20,8.769998203206342e-07,
GurobiSolver,20,1.9720000636880286e-06,
CombinatorialBnB,20,1.018000148178544e-06,
GurobiSolver,20,2.5570002435415518e-06,
CombinatorialBnB,20,1.0040002962341532e-06,
GurobiSolver,20,1.8559999261924531e-06,
CombinatorialBnB,20,7.720000212430023e-07,
GurobiSolver,20,1.7369998204230797e-06,
CombinatorialBnB,20,7.219996405183338e-07,
GurobiSolver,20,2.1199998627707828e-06,
CombinatorialBnB,20,1.7359998309984803e-06,
GurobiSolver,20,2.0140000742685515e-06,
CombinatorialBnB,20,1.204999989568023e-06,
GurobiSolver,20,1.928000074258307e-06,
CombinatorialBnB,20,1.5499999790336005e-06,
GurobiSolver,20,1.3789999684377108e-06,
CombinatorialBnB,20,1.2269997569092084e-06,
GurobiSolver,20,1.2779996723111253e-06,
CombinatorialBnB,20,1.0260000635753386e-06,
GurobiSolver,20,1.6549997781112324e-06,
CombinatorialBnB,20,1.1090000953117851e-06,
GurobiSolver,20,1.5050000001792796e-06,
CombinatorialBnB,20,1.154000074166106e-06,
GurobiSolver,20,1.7820002540247515e-06,
CombinatorialBnB,20,1.0839999049494509e-06,
GurobiSolver,20,1.4170000213198364e-06,
CombinatorialBnB,20,8.479996722599026e-07,
GurobiSolver,20,1.5539999367319979e-06,
CombinatorialBnB,20,1.0769999789772555e-06,
GurobiSolver,20,1.6319995665980969e-06,
CombinatorialBnB,20,9.509999472356867e-07,
GurobiSolver,20,1.5959999473125208e-06,
CombinatorialBnB,20,8.649999472254422e-07,
GurobiSolver,20,1.4069996723264921e-06,
CombinatorialBnB,20,1.1629999789875e-06,
GurobiSolver,20,1.8410000848234631e-06,
CombinatorialBnB,20,9.769996722752694e-07,
GurobiSolver,20,1.606000296305865e-06,
CombinatorialBnB,20,2.856000264728209e-06,
GurobiSolver,20,1.2919999790028669e-06,
CombinatorialBnB,20,9.88000010693213e-07,
GurobiSolver,20,1.9389999579288997e-06,
CombinatorialBnB,20,1.1619999895629007e-06,
GurobiSolver,20,1.2890000107290689e-06,
CombinatorialBnB,20,1.0250000741507392e-06,
GurobiSolver,20,1.2119999155402184e-06,
CombinatorialBnB,20,1.699000222288305e-06,
GurobiSolver,20,2.8059998840035405e-06,
CombinatorialBnB,20,1.1189999895577785e-06,
GurobiSolver,20,1.89200000022538e-06,
CombinatorialBnB,20,1.463999979023356e-06,
GurobiSolver,20,4.533000264927978e-06,
CombinatorialBnB,20,1.4229999578674324e-06,
GurobiSolver,20,2.466999831085559e-06,
CombinatorialBnB,20,1.4039997040526941e-06,
GurobiSolver,20,1.9409999367780983e-06,
CombinatorialBnB,20,1.3089997992210556e-06,
GurobiSolver,20,1.9500002963468432e-06,
CombinatorialBnB,20,9.76000137598021e-07,
GurobiSolver,20,1.9110002540401183e-06,
CombinatorialBnB,20,1.088000317395199e-06,
GurobiSolver,20,2.0140000742685515e-06,
CombinatorialBnB,20,9.559998943586834e-07,
GurobiSolver,20,2.111999947373988e-06,
CombinatorialBnB,20,1.0980002116411924e-06,
GurobiSolver,20,1.7320003280474339e-06,
CombinatorialBnB,20,2.5049998839676846e-06,
GurobiSolver,20,1.407000127073843e-06,
CombinatorialBnB,20,3.2130001272889785e-06,
GurobiSolver,20,1.2269997569092084e-06,
CombinatorialBnB,20,1.5880000319157261e-06,
GurobiSolver,20,1.5790001270943321e-06,
CombinatorialBnB,20,9.28000190469902e-07,
GurobiSolver,20,1.2460000107239466e-06,
CombinatorialBnB,20,8.799997885944322e-07,
GurobiSolver,20,1.3240000953373965e-06,
CombinatorialBnB,20,1.0519997886149213e-06,
GurobiSolver,20,1.2540003808680922e-06,
CombinatorialBnB,20,1.0819999261002522e-06,
GurobiSolver,20,1.1820002328022383e-06,
CombinatorialBnB,20,1.1100000847363845e-06,
GurobiSolver,20,2.4260002646769863e-06,
CombinatorialBnB,20,1.1309998626529705e-06,
GurobiSolver,20,1.8729997464106418e-06,
CombinatorialBnB,20,1.3869998838345055e-06,
GurobiSolver,20,1.5100004020496272e-06,
CombinatorialBnB,20,1.1140000424347818e-06,
GurobiSolver,20,1.8190003174822778e-06,
CombinatorialBnB,20,1.2059999789926223e-06,
GurobiSolver,20,2.2300000637187622e-06,
CombinatorialBnB,20,1.0469998414919246e-06,
GurobiSolver,20,1.2810000953322742e-06,
CombinatorialBnB,20,9.360001058666967e-07,
GurobiSolver,20,1.8959999579237774e-06,
CombinatorialBnB,20,2.0190000213915482e-06,
GurobiSolver,20,1.5539999367319979e-06,
CombinatorialBnB,20,1.3629996828967705e-06,
GurobiSolver,20,2.243999915663153e-06,
CombinatorialBnB,20,9.589998626324814e-07,
GurobiSolver,20,1.6259996300505009e-06,
CombinatorialBnB,20,9.800000952964183e-07,
GurobiSolver,20,2.568999661889393e-06,
CombinatorialBnB,20,1.142000201070914e-06,
GurobiSolver,20,1.1649999578366987e-06,
CombinatorialBnB,20,1.1189999895577785e-06,
GurobiSolver,20,2.0750003386638127e-06,
CombinatorialBnB,20,9.330001375928987e-07,
GurobiSolver,20,1.1340002856741194e-06,
CombinatorialBnB,20,9.689997568784747e-07,
GurobiSolver,20,1.0740000107034575e-06,
CombinatorialBnB,20,1.7690003915049601e-06,
GurobiSolver,20,1.0899998414970469e-06,
CombinatorialBnB,20,1.1120000635855831e-06,
GurobiSolver,20,1.3080002645438071e-06,
CombinatorialBnB,20,1.0190001376031432e-06,
GurobiSolver,20,2.046000190603081e-06,
CombinatorialBnB,20,9.099999260797631e-07,
GurobiSolver,20,1.7440002011426259e-06,
CombinatorialBnB,20,9.720001798996236e-07,
GurobiSolver,20,1.9930002963519655e-06,
CombinatorialBnB,20,8.749998414714355e-07,
GurobiSolver,20,1.7550000848132186e-06,
CombinatorialBnB,20,1.2880000213044696e-06,
GurobiSolver,20,1.5270002222678158e-06,
CombinatorialBnB,20,1.229000190505758e-06,
GurobiSolver,20,1.5860000530665275e-06,
CombinatorialBnB,20,1.3369999578571878e-06,
GurobiSolver,20,1.8410000848234631e-06,
CombinatorialBnB,20,1.213999894389417e-06,
GurobiSolver,20,2.1729997570218984e-06,
CombinatorialBnB,20,1.151000105892308e-06,
GurobiSolver,20,1.8129999261873309e-06,
CombinatorialBnB,20,1.1649999578366987e-06,
GurobiSolver,20,1.8270002328790724e-06,
CombinatorialBnB,20,1.0370004019932821e-06,
GurobiSolver,20,2.590999883977929e-06,
CombinatorialBnB,20,1.2339996828814037e-06,
GurobiSolver,20,1.764999979059212e-06,
CombinatorialBnB,20,9.619998309062794e-07,
GurobiSolver,20,1.711000095383497e-06,
CombinatorialBnB,20,1.196000084746629e-06,
GurobiSolver,20,2.18700006371364e-06,
CombinatorialBnB,20,7.970002116053365e-07,
GurobiSolver,20,2.3550001060357317e-06,
CombinatorialBnB,20,8.849997357174288e-07,
GurobiSolver,20,1.8089999684889335e-06,
CombinatorialBnB,20,9.22000253922306e-07,
GurobiSolver,20,1.8229998204333242e-06,
CombinatorialBnB,20,1.6729995877540205e-06,
GurobiSolver,20,2.076000328088412e-06,
CombinatorialBnB,20,1.2929999684274662e-06,
GurobiSolver,20,1.6969997886917554e-06,
CombinatorialBnB,20,1.2970003808732145e-06,
GurobiSolver,20,1.9059998521697707e-06,
CombinatorialBnB,20,2.0810002752114087e-06,
GurobiSolver,20,8.164000064425636e-06,
CombinatorialBnB,20,1.244000031874748e-06,
GurobiSolver,20,2.1490000108315144e-06,
CombinatorialBnB,20,1.5169998732744716e-06,
GurobiSolver,20,1.957999756996287e-06,
CombinatorialBnB,20,1.4163000287226168e-05,
GurobiSolver,20,1.725999936752487e-06,
CombinatorialBnB,20,1.3490002856997307e-06,
GurobiSolver,20,1.2010000318696257e-06,
CombinatorialBnB,20,1.2490004337450955e-06,
GurobiSolver,20,1.0829999155248515e-06,
CombinatorialBnB,20,9.830000635702163e-07,
GurobiSolver,20,3.827000000455882e-06,
CombinatorialBnB,20,1.5020000319054816e-06,
GurobiSolver,20,1.8269997781317215e-06,
CombinatorialBnB,20,1.1170000107085798e-06,
GurobiSolver,20,1.9059998521697707e-06,
CombinatorialBnB,20,1.050999799190322e-06,
GurobiSolver,20,1.3260000741865952e-06,
CombinatorialBnB,20,9.349996616947465e-07,
GurobiSolver,20,1.1120000635855831e-06,
CombinatorialBnB,20,9.88000010693213e-07,
GurobiSolver,20,1.2069999684172217e-06,
CombinatorialBnB,20,1.0050002856587525e-06,
GurobiSolver,20,2.0399997993081342e-06,
CombinatorialBnB,20,1.7900001694215462e-06,
GurobiSolver,20,4.443999841896584e-06,
CombinatorialBnB,20,2.1440000637085177e-06,
GurobiSolver,20,1.1299998732283711e-06,
CombinatorialBnB,20,8.320002962136641e-07,
GurobiSolver,20,1.2269997569092084e-06,
CombinatorialBnB,20,1.190000148199033e-06,
GurobiSolver,20,1.6200001482502557e-06,
CombinatorialBnB,20,8.769998203206342e-07,
GurobiSolver,20,1.2569998943945393e-06,
CombinatorialBnB,20,1.0560002010606695e-06,
GurobiSolver,20,1.2420000530255493e-06,
CombinatorialBnB,20,8.909996722650249e-07,
GurobiSolver,20,1.3929998203821015e-06,
CombinatorialBnB,20,1.0280000424245372e-06,
GurobiSolver,20,1.1850002010760363e-06,
CombinatorialBnB,20,1.0339999789721332e-06,
GurobiSolver,20,1.5440000424860045e-06,
CombinatorialBnB,20,1.0700000530050602e-06,
GurobiSolver,20,1.410000095347641e-06,
CombinatorialBnB,20,8.869997145666275e-07,
GurobiSolver,20,2.0259999473637436e-06,
CombinatorialBnB,20,1.4859997463645414e-06,
GurobiSolver,20,1.3919998309575021e-06,
CombinatorialBnB,20,1.0710000424296595e-06,
GurobiSolver,20,1.70499970408855e-06,
CombinatorialBnB,20,1.0339999789721332e-06,
GurobiSolver,20,1.4330003068607766e-06,
CombinatorialBnB,20,8.279998837679159e-07,
GurobiSolver,20,1.3090002539684065e-06,
CombinatorialBnB,20,9.539999155094847e-07,
GurobiSolver,20,1.5050000001792796e-06,
CombinatorialBnB,20,1.0189996828557923e-06,
GurobiSolver,20,1.5010000424808823e-06,
CombinatorialBnB,20,1.0069998097606003e-06,
GurobiSolver,20,1.1889997040270828e-06,
CombinatorialBnB,20,1.0109997674589977e-06,
GurobiSolver,20,1.3320000107341912e-06,
CombinatorialBnB,20,7.580001692986116e-07,
GurobiSolver,20,1.1199999789823778e-06,
CombinatorialBnB,20,7.210001058410853e-07,
GurobiSolver,20,1.1349998203513678e-06,
CombinatorialBnB,20,1.1490001270431094e-06,
GurobiSolver,20,1.3799999578623101e-06,
CombinatorialBnB,20,6.919999577803537e-07,
GurobiSolver,20,1.2660002539632842e-06,
CombinatorialBnB,20,1.0379999366705306e-06,
GurobiSolver,20,1.309999788645655e-06,
CombinatorialBnB,20,9.290001798945013e-07,
GurobiSolver,20,1.2740001693600789e-06,
CombinatorialBnB,20,1.0710000424296595e-06,
GurobiSolver,20,1.4770002962904982e-06,
CombinatorialBnB,20,1.0989997463184409e-06,
GurobiSolver,20,1.3970002328278497e-06,
CombinatorialBnB,20,1.0619996828609146e-06,
GurobiSolver,20,1.5010000424808823e-06,
CombinatorialBnB,20,9.139998837781604e-07,
GurobiSolver,20,1.6169997252291068e-06,
CombinatorialBnB,20,1.1039996934414376e-06,
GurobiSolver,20,1.4409997675102204e-06,
CombinatorialBnB,20,1.1850002010760363e-06,
GurobiSolver,20,1.70499970408855e-06,
CombinatorialBnB,20,1.868000254034996e-06,
GurobiSolver,20,1.1729998732334934e-06,
CombinatorialBnB,20,1.0470002962392755e-06,
GurobiSolver,20,1.3199996828916483e-06,
CombinatorialBnB,20,1.7150000530818943e-06,
GurobiSolver,20,2.3789998522261158e-06,
CombinatorialBnB,20,1.1709998943842947e-06,
GurobiSolver,20,2.395000137767056e-06,
CombinatorialBnB,20,2.322000000276603e-06,
GurobiSolver,20,1.491000148234889e-06,
CombinatorialBnB,20,1.5430000530614052e-06,
GurobiSolver,20,2.243999915663153e-06,
CombinatorialBnB,20,1.6520002645847853e-06,
GurobiSolver,20,1.6819999473227654e-06,
CombinatorialBnB,20,8.669999260746408e-07,
GurobiSolver,20,1.8129999261873309e-06,
CombinatorialBnB,20,1.124000391428126e-06,
GurobiSolver,20,2.1380001271609217e-06,
CombinatorialBnB,20,1.1610000001383014e-06,
GurobiSolver,20,1.7809998098528013e-06,
CombinatorialBnB,20,8.349998097401112e-07,
GurobiSolver,20,1.5260002328432165e-06,
CombinatorialBnB,20,1.0690000635804608e-06,
GurobiSolver,20,1.2819996300095227e-06,
CombinatorialBnB,20,9.069999578059651e-07,
GurobiSolver,20,1.303999852098059e-06,
CombinatorialBnB,20,9.449995559407398e-07,
GurobiSolver,20,1.2630002856894862e-06,
CombinatorialBnB,20,1.2820000847568735e-06,
GurobiSolver,20,1.0399999155197293e-06,
CombinatorialBnB,20,9.469999895372894e-07,
GurobiSolver,20,1.2400000741763506e-06,
CombinatorialBnB,20,8.369997885893099e-07,
GurobiSolver,20,1.3260000741865952e-06,
CombinatorialBnB,20,1.312999756919453e-06,
GurobiSolver,20,1.2919999790028669e-06,
CombinatorialBnB,20,1.9749995772144757e-06,
GurobiSolver,20,1.297999915550463e-06,
CombinatorialBnB,20,2.1339997147151735e-06,
GurobiSolver,20,1.7490001482656226e-06,
CombinatorialBnB,20,1.1399997674743645e-06,
GurobiSolver,20,1.4660004126199055e-06,
CombinatorialBnB,20,1.2909999895782676e-06,
GurobiSolver,20,3.5779999052465428e-06,
CombinatorialBnB,20,1.6669996512064245e-06,
GurobiSolver,20,2.7099999897473026e-06,
CombinatorialBnB,20,1.2280002010811586e-06,
GurobiSolver,20,1.4990000636316836e-06,
CombinatorialBnB,20,1.6039998627093155e-06,
GurobiSolver,20,2.211000264651375e-06,
CombinatorialBnB,20,8.820002221909817e-07,
GurobiSolver,20,1.4060001376492437e-06,
CombinatorialBnB,20,8.639999578008428e-07,
GurobiSolver,20,1.5480000001844019e-06,
CombinatorialBnB,20,8.880001587385777e-07,
GurobiSolver,20,1.3549997674999759e-06,
CombinatorialBnB,20,9.530003808322363e-07,
GurobiSolver,20,1.5979999261617195e-06,
CombinatorialBnB,20,8.330002856382634e-07,
GurobiSolver,20,1.7339998521492817e-06,
CombinatorialBnB,20,1.835000148275867e-06,
GurobiSolver,20,1.1010001799149904e-06,
CombinatorialBnB,20,1.1100000847363845e-06,
GurobiSolver,20,1.3230001059127972e-06,
CombinatorialBnB,20,1.165999947261298e-06,
GurobiSolver,20,1.1890001587744337e-06,
CombinatorialBnB,20,1.7219999790540896e-06,
GurobiSolver,20,1.1800002539530396e-06,
CombinatorialBnB,20,1.306999820371857e-06,
GurobiSolver,20,1.151000105892308e-06,
CombinatorialBnB,20,8.429997251369059e-07,
GurobiSolver,20,1.1500001164677087e-06,
CombinatorialBnB,20,8.739998520468362e-07,
GurobiSolver,20,1.416000031895237e-06,
CombinatorialBnB,20,8.729998626222368e-07,
GurobiSolver,20,1.0750000001280569e-06,
CombinatorialBnB,20,9.67000232776627e-07,
GurobiSolver,20,1.692999830993358e-06,
CombinatorialBnB,20,1.6700000742275734e-06,
GurobiSolver,20,1.4050001482246444e-06,
CombinatorialBnB,20,9.600003068044316e-07,
GurobiSolver,20,1.2830000741814729e-06,
CombinatorialBnB,20,7.610001375724096e-07,
GurobiSolver,20,1.0520002433622722e-06,
CombinatorialBnB,20,1.0990002010657918e-06,
GurobiSolver,20,1.5979999261617195e-06,
CombinatorialBnB,20,7.520002327510156e-07,
GurobiSolver,20,1.759000042511616e-06,
CombinatorialBnB,20,1.0310000106983352e-06,
GurobiSolver,20,1.6430003597633913e-06,
CombinatorialBnB,20,8.570000318286475e-07,
GurobiSolver,20,2.1860000742890406e-06,
CombinatorialBnB,20,1.0200001270277426e-06,
GurobiSolver,20,1.722999968478689e-06,
CombinatorialBnB,20,1.1920001270482317e-06,
GurobiSolver,20,1.6789999790489674e-06,
CombinatorialBnB,20,9.659997886046767e-07,
GurobiSolver,20,1.7840002328739502e-06,
CombinatorialBnB,20,8.200004231184721e-07,
GurobiSolver,20,1.252999936696142e-06,
CombinatorialBnB,20,1.168999915535096e-06,
GurobiSolver,20,1.2010000318696257e-06,
CombinatorialBnB,20,8.739998520468362e-07,
GurobiSolver,20,1.2620002962648869e-06,
CombinatorialBnB,20,8.429997251369059e-07,
GurobiSolver,20,1.1560000530153047e-06,
CombinatorialBnB,20,9.539999155094847e-07,
GurobiSolver,20,1.249999968422344e-06,
CombinatorialBnB,20,7.34999957785476e-07,
GurobiSolver,20,1.67500002135057e-06,
CombinatorialBnB,20,9.84999587672064e-07,
GurobiSolver,20,1.0809999366756529e-06,
CombinatorialBnB,20,9.769996722752694e-07,
GurobiSolver,20,1.6349999896192458e-06,
CombinatorialBnB,20,7.829999049135949e-07,
GurobiSolver,20,1.2521999906311976e-05,
CombinatorialBnB,20,8.960000741353724e-07,
GurobiSolver,20,1.2400000741763506e-06,
CombinatorialBnB,20,9.380000847158954e-07,
GurobiSolver,20,3.6920000638929196e-06,
CombinatorialBnB,20,1.2160003279859666e-06,
GurobiSolver,20,1.0480002856638748e-06,
CombinatorialBnB,20,9.159998626273591e-07,
GurobiSolver,20,1.2269997569092084e-06,
CombinatorialBnB,20,1.4659999578725547e-06,
GurobiSolver,20,1.0320000001229346e-06,
CombinatorialBnB,20,2.5140002435364295e-06,
GurobiSolver,20,1.2089999472664203e-06,
CombinatorialBnB,20,1.0049998309114017e-06,
GurobiSolver,20,2.544999915699009e-06,
CombinatorialBnB,20,2.537000000302214e-06,
GurobiSolver,20,1.371000053040916e-06,
CombinatorialBnB,20,1.0369999472459313e-06,
GurobiSolver,20,1.5529999473073985e-06,
CombinatorialBnB,20,1.0949997886200435e-06,
GurobiSolver,20,1.1560000530153047e-06,
CombinatorialBnB,20,1.0799999472510535e-06,
GurobiSolver,20,1.3030003174208105e-06,
CombinatorialBnB,20,1.0069998097606003e-06,
GurobiSolver,20,1.1440001799201127e-06,
CombinatorialBnB,20,1.9839999367832206e-06,
GurobiSolver,20,1.7609995666134637e-06,
CombinatorialBnB,20,1.618000169401057e-06,
GurobiSolver,20,1.1580000318645034e-06,
CombinatorialBnB,20,1.127000359701924e-06,
GurobiSolver,20,1.419000000169035e-06,
CombinatorialBnB,20,1.6620001588307787e-06,
GurobiSolver,20,1.2370001059025526e-06,
CombinatorialBnB,20,8.719998731976375e-07,
GurobiSolver,20,1.035999957821332e-06,
CombinatorialBnB,20,9.629998203308787e-07,
GurobiSolver,20,1.3829999261361081e-06,
CombinatorialBnB,20,1.969999630091479e-06,
GurobiSolver,20,1.788999725249596e-06,
CombinatorialBnB,20,1.4659999578725547e-06,
GurobiSolver,20,1.7960001059691422e-06,
CombinatorialBnB,20,1.3190001482143998e-06,
GurobiSolver,20,1.5629998415533919e-06,
CombinatorialBnB,20,1.9300000531075057e-06,
GurobiSolver,20,1.3280000530357938e-06,
CombinatorialBnB,20,9.360001058666967e-07,
GurobiSolver,20,1.4420002116821706e-06,
CombinatorialBnB,20,8.010001693037339e-07,
GurobiSolver,20,2.2850003915664274e-06,
CombinatorialBnB,20,1.0049998309114017e-06,
GurobiSolver,20,1.743999746395275e-06,
CombinatorialBnB,20,1.1329998415021691e-06,
GurobiSolver,20,1.3059998309472576e-06,
CombinatorialBnB,20,1.4120000741968397e-06,
GurobiSolver,20,1.779999820428202e-06,
CombinatorialBnB,20,1.0549997568887193e-06,
GurobiSolver,20,1.4709999049955513e-06,
CombinatorialBnB,20,9.61000296229031e-07,
GurobiSolver,20,1.2059999789926223e-06,
CombinatorialBnB,20,9.54999904934084e-07,
GurobiSolver,20,1.5539999367319979e-06,
CombinatorialBnB,20,9.96999915514607e-07,
GurobiSolver,20,1.5020000319054816e-06,
CombinatorialBnB,20,8.540000635548495e-07,
GurobiSolver,20,1.5400000847876072e-06,
CombinatorialBnB,20,1.008999788609799e-06,
GurobiSolver,20,1.9629997041192837e-06,
CombinatorialBnB,20,1.446000169380568e-06,
GurobiSolver,20,1.9240001165599097e-06,
CombinatorialBnB,20,9.000000318337698e-07,
GurobiSolver,20,1.9510002857714426e-06,
CombinatorialBnB,20,9.410000529896934e-07,
GurobiSolver,20,1.2569998943945393e-06,
CombinatorialBnB,20,7.939997885841876e-07,
GurobiSolver,20,1.187000179925235e-06,
CombinatorialBnB,20,9.589998626324814e-07,
GurobiSolver,20,1.7490001482656226e-06,
CombinatorialBnB,20,8.780002644925844e-07,
GurobiSolver,20,1.165999947261298e-06,
CombinatorialBnB,20,1.0000003385357559e-06,
GurobiSolver,20,1.8249997992825229e-06,
CombinatorialBnB,20,7.970002116053365e-07,
GurobiSolver,20,2.0870002117590047e-06,
CombinatorialBnB,20,1.171999883808894e-06,
GurobiSolver,20,1.238000095327152e-06,
CombinatorialBnB,20,1.2330001482041553e-06,
GurobiSolver,20,1.4229999578674324e-06,
CombinatorialBnB,20,1.6739995771786198e-06,
GurobiSolver,20,2.6799998522619717e-06,
CombinatorialBnB,20,1.1140000424347818e-06,
GurobiSolver,20,1.3930002751294523e-06,
CombinatorialBnB,20,1.0769999789772555e-06,
GurobiSolver,20,2.1639998522005044e-06,
CombinatorialBnB,20,1.3789999684377108e-06,
GurobiSolver,20,1.324999630014645e-06,
CombinatorialBnB,20,1.207999957841821e-06,
GurobiSolver,20,1.2840000636060722e-06,
CombinatorialBnB,20,1.0110002222063486e-06,
GurobiSolver,20,1.44300020110677e-06,
CombinatorialBnB,20,1.7929996829479933e-06,
GurobiSolver,20,1.0410003596916795e-06,
CombinatorialBnB,20,8.360002539120615e-07,
GurobiSolver,20,1.606000296305865e-06,
CombinatorialBnB,20,1.0700000530050602e-06,
GurobiSolver,20,1.3240000953373965e-06,
CombinatorialBnB,20,7.85999873187393e-07,
GurobiSolver,20,1.362000148219522e-06,
CombinatorialBnB,20,8.889996934158262e-07,
GurobiSolver,20,1.523999799246667e-06,
CombinatorialBnB,20,9.660002433520276e-07,
GurobiSolver,20,1.2059999789926223e-06,
CombinatorialBnB,20,1.2040000001434237e-06,
GurobiSolver,20,1.306999820371857e-06,
CombinatorialBnB,20,1.2340001376287546e-06,
GurobiSolver,20,1.3670000953425188e-06,
CombinatorialBnB,20,9.469999895372894e-07,
GurobiSolver,20,1.2700002116616815e-06,
CombinatorialBnB,20,8.060001164267305e-07,
GurobiSolver,20,1.0469998414919246e-06,
CombinatorialBnB,20,9.599998520570807e-07,
GurobiSolver,20,1.0800004019984044e-06,
CombinatorialBnB,20,1.2740001693600789e-06,
GurobiSolver,20,1.3290000424603932e-06,
CombinatorialBnB,20,1.0430003385408781e-06,
GurobiSolver,20,1.0700000530050602e-06,
CombinatorialBnB,20,7.670000741200056e-07,
GurobiSolver,20,2.862000201275805e-06,
CombinatorialBnB,20,1.0430003385408781e-06,
GurobiSolver,20,1.9809999685094226e-06,
CombinatorialBnB,20,2.927999958046712e-06,
GurobiSolver,20,2.2220001483219676e-06,
CombinatorialBnB,20,1.401000190526247e-06,
GurobiSolver,20,1.699000222288305e-06,
CombinatorialBnB,20,1.059999704011716e-06,
GurobiSolver,20,2.066999968519667e-06,
CombinatorialBnB,20,1.8969999473483767e-06,
GurobiSolver,20,1.535999672341859e-06,
CombinatorialBnB,20,1.8719997569860425e-06,
GurobiSolver,20,1.6160001905518584e-06,
CombinatorialBnB,20,1.5509999684581999e-06,
GurobiSolver,20,1.8139999156119302e-06,
CombinatorialBnB,20,1.2770001376338769e-06,
GurobiSolver,20,1.8929999896499794e-06,
CombinatorialBnB,20,9.929999578162096e-07,
GurobiSolver,20,7.298000127775595e-06,
CombinatorialBnB,20,1.1499996617203578e-06,
GurobiSolver,20,1.7180000213556923e-06,
CombinatorialBnB,20,1.4140000530460384e-06,
GurobiSolver,20,1.696000254014507e-06,
CombinatorialBnB,20,1.708000127109699e-06,
GurobiSolver,20,1.6200001482502557e-06,
CombinatorialBnB,20,9.43000031838892e-07,
GurobiSolver,20,1.2659997992159333e-06,
CombinatorialBnB,20,1.1580000318645034e-06,
GurobiSolver,20,1.1550000635907054e-06,
CombinatorialBnB,20,1.7249999473278876e-06,
GurobiSolver,20,1.7729998944560066e-06,
CombinatorialBnB,20,9.61000296229031e-07,
GurobiSolver,20,1.0959997780446429e-06,
CombinatorialBnB,20,8.170000000973232e-07,
GurobiSolver,20,1.3310000213095918e-06,
CombinatorialBnB,20,1.0200001270277426e-06,
GurobiSolver,20,1.0830003702722024e-06,
CombinatorialBnB,20,9.420000424142927e-07,
GurobiSolver,20,1.353000243398128e-06,
CombinatorialBnB,20,9.22000253922306e-07,
GurobiSolver,20,3.4839999898395035e-06,
CombinatorialBnB,20,8.779998097452335e-07,
GurobiSolver,20,2.1830001060152426e-06,
CombinatorialBnB,20,1.5320001693908125e-06,
GurobiSolver,20,1.1320003068249207e-06,
CombinatorialBnB,20,9.67000232776627e-07,
GurobiSolver,20,1.2059999789926223e-06,
CombinatorialBnB,20,8.819997674436308e-07,
GurobiSolver,20,1.3429998944047838e-06,
CombinatorialBnB,20,2.4949999897216912e-06,
GurobiSolver,20,1.8055999589705607e-05,
CombinatorialBnB,20,9.529999260848854e-07,
GurobiSolver,20,1.0399999155197293e-06,
CombinatorialBnB,20,9.4600000011269e-07,
GurobiSolver,20,1.2880000213044696e-06,
CombinatorialBnB,20,9.599998520570807e-07,
GurobiSolver,20,1.2660002539632842e-06,
CombinatorialBnB,20,1.4299998838396277e-06,
GurobiSolver,20,1.0600001587590668e-06,
CombinatorialBnB,20,1.4000002011016477e-06,
GurobiSolver,20,1.4659999578725547e-06,
CombinatorialBnB,20,2.4420000954705756e-06,
GurobiSolver,20,1.2279997463338077e-06,
CombinatorialBnB,20,1.5549999261565972e-06,
GurobiSolver,20,1.1709998943842947e-06,
CombinatorialBnB,20,8.629999683762435e-07,
GurobiSolver,20,1.0549997568887193e-06,
CombinatorialBnB,20,8.140000318235252e-07,
GurobiSolver,20,1.2989999049750622e-06,
CombinatorialBnB,20,8.160000106727239e-07,
GurobiSolver,20,1.5709997569501866e-06,
CombinatorialBnB,20,9.599998520570807e-07,
GurobiSolver,20,1.7460001799918246e-06,
CombinatorialBnB,20,1.1209999684069771e-06,
GurobiSolver,20,1.800999598344788e-06,
CombinatorialBnB,20,1.457999587728409e-06,
GurobiSolver,20,1.2420000530255493e-06,
CombinatorialBnB,20,7.630001164216083e-07,
GurobiSolver,20,1.5599998732795939e-06,
CombinatorialBnB,20,8.019997039809823e-07,
GurobiSolver,20,1.1590000212891027e-06,
CombinatorialBnB,20,8.379997780139092e-07,
GurobiSolver,20,1.5450000319106039e-06,
CombinatorialBnB,20,1.0489998203411233e-06,
GurobiSolver,20,1.282999619434122e-06,
CombinatorialBnB,20,8.860001798893791e-07,
GurobiSolver,20,2.0840002434852067e-06,
CombinatorialBnB,20,1.0129997463081963e-06,
GurobiSolver,20,1.7269999261770863e-06,
CombinatorialBnB,20,1.2279997463338077e-06,
GurobiSolver,20,1.8430000636726618e-06,
CombinatorialBnB,20,2.213999778177822e-06,
GurobiSolver,20,1.190000148199033e-06,
CombinatorialBnB,20,9.589998626324814e-07,
GurobiSolver,20,2.795000000332948e-06,
CombinatorialBnB,20,1.1649999578366987e-06,
GurobiSolver,20,3.1559998205921147e-06,
CombinatorialBnB,20,2.82300015896908e-06,
GurobiSolver,20,3.079000180150615e-06,
CombinatorialBnB,20,1.437000264559174e-06,
GurobiSolver,20,1.2420000530255493e-06,
CombinatorialBnB,20,8.279998837679159e-07,
GurobiSolver,20,1.356000211671926e-06,
CombinatorialBnB,20,9.67000232776627e-07,
GurobiSolver,20,1.3809999472869094e-06,
CombinatorialBnB,20,8.740003067941871e-07,
GurobiSolver,20,1.0700000530050602e-06,
CombinatorialBnB,20,1.210999926115619e-06,
GurobiSolver,20,1.8609998733154498e-06,
CombinatorialBnB,20,1.0420003491162788e-06,
GurobiSolver,20,9.599998520570807e-07,
CombinatorialBnB,20,8.959996193880215e-07,
GurobiSolver,20,1.244000031874748e-06,
CombinatorialBnB,20,1.0879998626478482e-06,
GurobiSolver,20,1.1980000635958277e-06,
CombinatorialBnB,20,9.66999778029276e-07,
GurobiSolver,20,1.2940004125994164e-06,
CombinatorialBnB,20,1.0280000424245372e-06,
GurobiSolver,20,1.446000169380568e-06,
CombinatorialBnB,20,1.0439998732181266e-06,
GurobiSolver,20,1.909999809868168e-06,
CombinatorialBnB,20,9.740001587488223e-07,
GurobiSolver,20,1.2659997992159333e-06,
CombinatorialBnB,20,1.3799999578623101e-06,
GurobiSolver,20,1.5290002011170145e-06,
CombinatorialBnB,20,1.7789998310036026e-06,
GurobiSolver,20,1.5979999261617195e-06,
CombinatorialBnB,20,9.529999260848854e-07,
GurobiSolver,20,1.1229999472561758e-06,
CombinatorialBnB,20,1.0489998203411233e-06,
GurobiSolver,20,1.4270003703131806e-06,
CombinatorialBnB,20,8.590000106778461e-07,
GurobiSolver,20,1.196000084746629e-06,
CombinatorialBnB,20,1.0700000530050602e-06,
GurobiSolver,20,1.4349998309626244e-06,
CombinatorialBnB,20,9.380000847158954e-07,
GurobiSolver,20,1.4859997463645414e-06,
CombinatorialBnB,20,1.1910001376236323e-06,
GurobiSolver,20,1.2990003597224131e-06,
CombinatorialBnB,20,1.2569998943945393e-06,
GurobiSolver,20,1.300999883824261e-06,
CombinatorialBnB,20,1.0789999578264542e-06,
GurobiSolver,20,1.0769999789772555e-06,
CombinatorialBnB,20,1.0000003385357559e-06,
GurobiSolver,20,1.0890003068197984e-06,
CombinatorialBnB,20,2.148000021406915e-06,
GurobiSolver,20,1.1199999789823778e-06,
CombinatorialBnB,20,8.179999895219225e-07,
GurobiSolver,20,1.3140002010914031e-06,
CombinatorialBnB,20,8.799997885944322e-07,
GurobiSolver,20,1.0409999049443286e-06,
CombinatorialBnB,20,9.830000635702163e-07,
GurobiSolver,20,1.1299998732283711e-06,
CombinatorialBnB,20,1.136699984272127e-05,
GurobiSolver,20,1.6679996406310238e-06,
CombinatorialBnB,20,8.800002433417831e-07,
GurobiSolver,20,1.1550000635907054e-06,
CombinatorialBnB,20,8.679999154992402e-07,
GurobiSolver,20,1.5790001270943321e-06,
CombinatorialBnB,20,1.0360004125686828e-06,
GurobiSolver,20,2.7969999791821465e-06,
CombinatorialBnB,20,1.0250000741507392e-06,
GurobiSolver,20,1.4990000636316836e-06,
CombinatorialBnB,20,8.729998626222368e-07,
GurobiSolver,20,1.672000053076772e-06,
CombinatorialBnB,20,9.329996828455478e-07,
GurobiSolver,20,1.440000232832972e-06,
CombinatorialBnB,20,8.879997039912269e-07,
GurobiSolver,20,1.1520000953169074e-06,
CombinatorialBnB,20,8.760002856433857e-07,
GurobiSolver,20,1.3170001693652011e-06,
CombinatorialBnB,20,1.5379996511910576e-06,
GurobiSolver,20,1.1789998097810894e-06,
CombinatorialBnB,20,1.4449997252086177e-06,
GurobiSolver,20,1.2509999578469433e-06,
CombinatorialBnB,20,1.1050001376133878e-06,
GurobiSolver,20,1.8570003703644034e-06,
CombinatorialBnB,20,1.0700000530050602e-06,
GurobiSolver,20,2.1169998944969848e-06,
CombinatorialBnB,20,1.3570002010965254e-06,
GurobiSolver,20,2.268000116600888e-06,
CombinatorialBnB,20,1.455000074201962e-06,
GurobiSolver,20,1.9290000636829063e-06,
CombinatorialBnB,20,1.1920001270482317e-06,
GurobiSolver,20,1.725999936752487e-06,
CombinatorialBnB,20,9.710001904750243e-07,
GurobiSolver,20,3.192999884049641e-06,
CombinatorialBnB,20,1.5880000319157261e-06,
GurobiSolver,20,1.193000116472831e-06,
CombinatorialBnB,20,9.890000001178123e-07,
GurobiSolver,20,1.8109999473381322e-06,
CombinatorialBnB,20,1.0640001164574642e-06,
GurobiSolver,20,1.0889998520724475e-06,
CombinatorialBnB,20,1.0700000530050602e-06,
GurobiSolver,20,1.2099999366910197e-06,
CombinatorialBnB,20,1.0530002327868715e-06,
GurobiSolver,20,2.5170002118102275e-06,
CombinatorialBnB,20,1.0859998837986495e-06,
GurobiSolver,20,1.5200002962956205e-06,
CombinatorialBnB,20,1.0929998097708449e-06,
GurobiSolver,20,1.6349999896192458e-06,
CombinatorialBnB,20,8.940000952861737e-07,
GurobiSolver,20,1.2430000424501486e-06,
CombinatorialBnB,20,1.2600003174156882e-06,
GurobiSolver,20,1.222999799210811e-06,
CombinatorialBnB,20,9.559998943586834e-07,
GurobiSolver,20,1.4259999261412304e-06,
CombinatorialBnB,20,1.0650001058820635e-06,
GurobiSolver,20,1.0579997251625173e-06,
CombinatorialBnB,20,8.959996193880215e-07,
GurobiSolver,20,1.2890000107290689e-06,
CombinatorialBnB,20,9.989998943638057e-07,
GurobiSolver,20,1.0829999155248515e-06,
CombinatorialBnB,20,2.235000010841759e-06,
GurobiSolver,20,1.3210001270635985e-06,
CombinatorialBnB,20,2.0769998627656605e-06,
GurobiSolver,20,1.5929999790387228e-06,
CombinatorialBnB,20,1.0339999789721332e-06,
GurobiSolver,20,1.199000053020427e-06,
CombinatorialBnB,20,1.4020001799508464e-06,
GurobiSolver,20,2.2429999262385536e-06,
CombinatorialBnB,20,1.2760001482092775e-06,
GurobiSolver,20,1.644999883865239e-06,
CombinatorialBnB,20,1.0510002539376728e-06,
GurobiSolver,20,1.9260000954091083e-06,
CombinatorialBnB,20,1.8609998733154498e-06,
GurobiSolver,20,1.9410003915254492e-06,
CombinatorialBnB,20,1.3080002645438071e-06,
GurobiSolver,20,1.7150000530818943e-06,
CombinatorialBnB,20,1.4000002011016477e-06,
GurobiSolver,20,1.6059998415585142e-06,
CombinatorialBnB,20,1.3760000001639128e-06,
GurobiSolver,20,1.1539996194187552e-06,
CombinatorialBnB,20,8.779998097452335e-07,
GurobiSolver,20,1.0829999155248515e-06,
CombinatorialBnB,20,9.6099984148168e-07,
GurobiSolver,20,1.0859998837986495e-06,
CombinatorialBnB,20,1.5480000001844019e-06,
GurobiSolver,20,1.165999947261298e-06,
CombinatorialBnB,20,9.420000424142927e-07,
GurobiSolver,20,1.2240002433827613e-06,
CombinatorialBnB,20,1.2880000213044696e-06,
GurobiSolver,20,1.3839999155607074e-06,
CombinatorialBnB,20,9.139998837781604e-07,
GurobiSolver,20,1.151000105892308e-06,
CombinatorialBnB,20,1.2279997463338077e-06,
GurobiSolver,20,1.6110002434288617e-06,
CombinatorialBnB,20,8.769998203206342e-07,
GurobiSolver,20,1.2300001799303573e-06,
CombinatorialBnB,20,8.770002750679851e-07,
GurobiSolver,20,1.1969996194238774e-06,
CombinatorialBnB,20,3.0870000955474097e-06,
GurobiSolver,20,1.3300000318849925e-06,
CombinatorialBnB,20,1.094000253942795e-06,
GurobiSolver,20,1.3270000636111945e-06,
CombinatorialBnB,20,9.619998309062794e-07,
GurobiSolver,20,1.4060001376492437e-06,
CombinatorialBnB,20,1.3510002645489294e-06,
GurobiSolver,20,1.3760000001639128e-06,
CombinatorialBnB,20,1.0919998203462455e-06,
GurobiSolver,20,1.666000116529176e-06,
CombinatorialBnB,20,1.229000190505758e-06,
GurobiSolver,20,2.3300003704207484e-06,
CombinatorialBnB,20,1.2420000530255493e-06,
GurobiSolver,20,1.4530000953527633e-06,
CombinatorialBnB,20,9.70000201050425e-07,
GurobiSolver,20,1.2460000107239466e-06,
CombinatorialBnB,20,1.002999852062203e-06,
GurobiSolver,20,1.2870000318798702e-06,
CombinatorialBnB,20,1.0109997674589977e-06,
GurobiSolver,20,1.1829997674794868e-06,
CombinatorialBnB,20,1.0859998837986495e-06,
GurobiSolver,20,1.1440001799201127e-06,
CombinatorialBnB,20,1.0039998414868023e-06,
GurobiSolver,20,1.7780002963263541e-06,
CombinatorialBnB,20,7.580001692986116e-07,
GurobiSolver,20,1.9589997464208864e-06,
CombinatorialBnB,20,1.7600000319362152e-06,
GurobiSolver,20,2.437000148347579e-06,
CombinatorialBnB,20,2.3030002012092154e-06,
GurobiSolver,20,1.8519999684940558e-06,
CombinatorialBnB,20,1.5340001482400112e-06,
GurobiSolver,20,1.811000402085483e-06,
CombinatorialBnB,20,1.3270000636111945e-06,
GurobiSolver,20,2.8509998628578614e-06,
CombinatorialBnB,20,1.0369999472459313e-06,
GurobiSolver,20,1.6140002117026597e-06,
CombinatorialBnB,20,1.220000285684364e-06,
GurobiSolver,20,2.4890000531740952e-06,
CombinatorialBnB,20,1.4679999367217533e-06,
GurobiSolver,20,2.742000106081832e-06,
CombinatorialBnB,20,1.2620002962648869e-06,
GurobiSolver,20,2.484999640728347e-06,
CombinatorialBnB,20,1.2820000847568735e-06,
GurobiSolver,20,1.8020000425167382e-06,
CombinatorialBnB,20,1.4000002011016477e-06,
GurobiSolver,20,1.966999661817681e-06,
CombinatorialBnB,20,1.0580001799098682e-06,
GurobiSolver,20,1.9200001588615123e-06,
CombinatorialBnB,20,1.14800013761851e-06,
GurobiSolver,20,2.331999894522596e-06,
CombinatorialBnB,20,1.1639999684120994e-06,
GurobiSolver,20,1.2800001059076749e-06,
CombinatorialBnB,20,9.440000212634914e-07,
GurobiSolver,20,1.5659998098271899e-06,
CombinatorialBnB,20,8.759998308960348e-07,
GurobiSolver,20,1.5079999684530776e-06,
CombinatorialBnB,20,9.330001375928987e-07,
GurobiSolver,20,1.2880000213044696e-06,
CombinatorialBnB,20,9.039999895321671e-07,
GurobiSolver,20,1.5680002434237394e-06,
CombinatorialBnB,20,8.150000212481245e-07,
GurobiSolver,20,1.2909999895782676e-06,
CombinatorialBnB,20,9.869995665212628e-07,
GurobiSolver,20,1.6260000847978517e-06,
CombinatorialBnB,20,1.0710000424296595e-06,
GurobiSolver,20,1.3580001905211248e-06,
CombinatorialBnB,20,1.5240002539940178e-06,
GurobiSolver,20,1.5649998204025906e-06,
CombinatorialBnB,20,2.8399999791872688e-06,
GurobiSolver,20,3.3370001801813487e-06,
CombinatorialBnB,20,2.51300025411183e-06,
GurobiSolver,20,1.1269999049545731e-06,
CombinatorialBnB,20,8.320002962136641e-07,
GurobiSolver,20,1.5489999896090012e-06,
CombinatorialBnB,20,9.089999366551638e-07,
GurobiSolver,20,1.3929998203821015e-06,
CombinatorialBnB,20,9.479999789618887e-07,
GurobiSolver,20,1.303999852098059e-06,
CombinatorialBnB,20,1.1350002750987187e-06,
GurobiSolver,20,1.1929996617254801e-06,
CombinatorialBnB,20,1.2929999684274662e-06,
GurobiSolver,20,1.1949996405746788e-06,
CombinatorialBnB,20,1.5040000107546803e-06,
GurobiSolver,20,1.5949999578879215e-06,
CombinatorialBnB,20,1.3260000741865952e-06,
GurobiSolver,20,1.7759998627298046e-06,
CombinatorialBnB,20,1.168999915535096e-06,
GurobiSolver,20,1.4649999684479553e-06,
CombinatorialBnB,20,9.34000127017498e-07,
GurobiSolver,20,1.6410003809141926e-06,
CombinatorialBnB,20,9.979999049392063e-07,
GurobiSolver,20,1.3230001059127972e-06,
CombinatorialBnB,20,9.96999915514607e-07,
GurobiSolver,20,1.5529999473073985e-06,
CombinatorialBnB,20,1.216999862663215e-06,
GurobiSolver,20,1.371000053040916e-06,
CombinatorialBnB,20,8.410002010350581e-07,
GurobiSolver,20,1.4809997992415447e-06,
CombinatorialBnB,20,1.0470002962392755e-06,
GurobiSolver,20,3.704999926412711e-06,
CombinatorialBnB,20,1.2059999789926223e-06,
GurobiSolver,20,2.2419999368139543e-06,
CombinatorialBnB,20,1.0900002962443978e-06,
GurobiSolver,20,5.4030001592764165e-06,
CombinatorialBnB,20,1.669000084802974e-06,
GurobiSolver,20,1.916000201163115e-06,
CombinatorialBnB,20,1.1160000212839805e-06,
GurobiSolver,20,1.720000000204891e-06,
CombinatorialBnB,20,1.1669999366858974e-06,
GurobiSolver,20,2.198999936808832e-06,
CombinatorialBnB,20,1.035999957821332e-06,
GurobiSolver,20,1.3389999367063865e-06,
CombinatorialBnB,20,1.0100002327817492e-06,
GurobiSolver,20,1.2939999578520656e-06,
CombinatorialBnB,20,8.669999260746408e-07,
GurobiSolver,20,1.6590001905569807e-06,
CombinatorialBnB,20,1.4480001482297666e-06,
GurobiSolver,20,1.2780001270584762e-06,
CombinatorialBnB,20,1.0159997145819943e-06,
GurobiSolver,20,1.478999820392346e-06,
CombinatorialBnB,20,1.145000169344712e-06,
GurobiSolver,20,1.3230001059127972e-06,
CombinatorialBnB,20,1.044999862642726e-06,
GurobiSolver,20,1.4359998203872237e-06,
CombinatorialBnB,20,9.72999714576872e-07,
GurobiSolver,20,2.1070000002509914e-06,
CombinatorialBnB,20,3.7920003705949057e-06,
GurobiSolver,20,1.865000285761198e-06,
CombinatorialBnB,20,1.3990002116770484e-06,
GurobiSolver,20,2.7629998839984182e-06,
CombinatorialBnB,20,1.5390000953630079e-06,
GurobiSolver,20,2.280999979120679e-06,
CombinatorialBnB,20,1.4960000953578856e-06,
GurobiSolver,20,1.5830000847927295e-06,
CombinatorialBnB,20,1.1679999261104967e-06,
GurobiSolver,20,1.6499998309882358e-06,
CombinatorialBnB,20,1.8579999050416518e-06,
GurobiSolver,20,2.421999852231238e-06,
CombinatorialBnB,20,1.5939999684633221e-06,
GurobiSolver,20,1.4990000636316836e-06,
CombinatorialBnB,20,9.989998943638057e-07,
GurobiSolver,20,1.6250000953732524e-06,
CombinatorialBnB,20,1.0540002222114708e-06,
GurobiSolver,20,1.4170000213198364e-06,
CombinatorialBnB,20,1.1419997463235632e-06,
GurobiSolver,20,1.3349999790079892e-06,
CombinatorialBnB,20,1.0150001799047459e-06,
GurobiSolver,20,1.508999957877677e-06,
CombinatorialBnB,20,9.979999049392063e-07,
GurobiSolver,20,1.4259999261412304e-06,
CombinatorialBnB,20,1.6290000530716497e-06,
GurobiSolver,20,1.315999725193251e-06,
CombinatorialBnB,20,1.2860000424552709e-06,
GurobiSolver,20,1.204999989568023e-06,
CombinatorialBnB,20,1.5340001482400112e-06,
GurobiSolver,20,1.8850000742531847e-06,
CombinatorialBnB,20,1.0050002856587525e-06,
GurobiSolver,20,1.9770000108110253e-06,
CombinatorialBnB,20,1.2460000107239466e-06,
GurobiSolver,20,1.45800004247576e-06,
CombinatorialBnB,20,1.0109997674589977e-06,
GurobiSolver,20,2.1219998416199815e-06,
CombinatorialBnB,20,1.1349998203513678e-06,
GurobiSolver,20,1.6980002328637056e-06,
CombinatorialBnB,20,1.3280000530357938e-06,
GurobiSolver,20,2.1079999896755908e-06,
CombinatorialBnB,20,1.0990002010657918e-06,
GurobiSolver,20,1.503000021330081e-06,
CombinatorialBnB,20,1.3070002751192078e-06,
GurobiSolver,20,1.7329998627246823e-06,
CombinatorialBnB,20,1.1890001587744337e-06,
GurobiSolver,20,1.1260003702773247e-06,
CombinatorialBnB,20,1.258999873243738e-06,
GurobiSolver,20,1.5629998415533919e-06,
CombinatorialBnB,20,1.2839996088587213e-06,
GurobiSolver,20,1.4239999472920317e-06,
CombinatorialBnB,20,1.282999619434122e-06,
GurobiSolver,20,1.2420000530255493e-06,
CombinatorialBnB,20,1.151000105892308e-06,
GurobiSolver,20,1.085000349121401e-06,
CombinatorialBnB,20,8.080000952759292e-07,
GurobiSolver,20,1.2400000741763506e-06,
CombinatorialBnB,20,8.799997885944322e-07,
GurobiSolver,20,1.5740001799713355e-06,
CombinatorialBnB,20,1.3240000953373965e-06,
GurobiSolver,20,1.5549999261565972e-06,
CombinatorialBnB,20,8.950000847107731e-07,
GurobiSolver,20,1.2760001482092775e-06,
CombinatorialBnB,20,1.0399999155197293e-06,
GurobiSolver,20,3.0079995667620096e-06,
CombinatorialBnB,20,1.1950000953220297e-06,
GurobiSolver,20,1.779999820428202e-06,
CombinatorialBnB,20,1.1089996405644342e-06,
GurobiSolver,20,1.701999735814752e-06,
CombinatorialBnB,20,1.1769998309318908e-06,
GurobiSolver,20,1.210999926115619e-06,
CombinatorialBnB,20,1.0080002539325505e-06,
GurobiSolver,20,1.0859998837986495e-06,
CombinatorialBnB,20,9.980003596865572e-07,
GurobiSolver,20,1.210999926115619e-06,
CombinatorialBnB,20,9.410000529896934e-07,
GurobiSolver,20,1.3599997146229725e-06,
CombinatorialBnB,20,9.919999683916103e-07,
GurobiSolver,20,1.452000105928164e-06,
CombinatorialBnB,20,9.19000285648508e-07,
GurobiSolver,20,1.669000084802974e-06,
CombinatorialBnB,20,8.750002962187864e-07,
GurobiSolver,20,1.9979997887276113e-06,
CombinatorialBnB,20,1.701999735814752e-06,
GurobiSolver,20,2.9870002435927745e-06,
CombinatorialBnB,20,1.0869998732232489e-06,
GurobiSolver,20,2.51199980993988e-06,
CombinatorialBnB,20,1.2129999049648177e-06,
GurobiSolver,20,1.5989999155863188e-06,
CombinatorialBnB,20,1.330999566562241e-06,
GurobiSolver,20,2.7699998099706136e-06,
CombinatorialBnB,20,1.2779996723111253e-06,
GurobiSolver,20,2.2089998310548253e-06,
CombinatorialBnB,20,9.109999155043624e-07,
GurobiSolver,20,3.297999683127273e-06,
CombinatorialBnB,20,1.0159997145819943e-06,
GurobiSolver,20,1.3100002433930058e-06,
CombinatorialBnB,20,8.790002539171837e-07,
GurobiSolver,20,1.3829999261361081e-06,
CombinatorialBnB,20,1.3330000001587905e-06,
GurobiSolver,20,1.4030001693754457e-06,
CombinatorialBnB,20,1.002999852062203e-06,
GurobiSolver,20,1.1459997040219605e-06,
CombinatorialBnB,20,1.160000010713702e-06,
GurobiSolver,20,1.5300001905416138e-06,
CombinatorialBnB,20,1.374000021314714e-06,
GurobiSolver,20,1.7630000002100132e-06,
CombinatorialBnB,20,1.0110002222063486e-06,
GurobiSolver,20,1.2680002328124829e-06,
CombinatorialBnB,20,9.600003068044316e-07,
GurobiSolver,20,1.407000127073843e-06,
CombinatorialBnB,20,1.535999672341859e-06,
GurobiSolver,20,1.2006999895675108e-05,
CombinatorialBnB,20,1.0609996934363153e-06,
GurobiSolver,20,1.5780001376697328e-06,
CombinatorialBnB,20,1.1170000107085798e-06,
GurobiSolver,20,1.7420002222934272e-06,
CombinatorialBnB,20,9.960003808373585e-07,
GurobiSolver,20,1.8259997887071222e-06,
CombinatorialBnB,20,9.030000001075678e-07,
GurobiSolver,20,1.3399999261309858e-06,
CombinatorialBnB,20,9.740001587488223e-07,
GurobiSolver,20,1.4450001799559686e-06,
CombinatorialBnB,20,1.4030001693754457e-06,
GurobiSolver,20,1.3610001587949228e-06,
CombinatorialBnB,20,8.779998097452335e-07,
GurobiSolver,20,1.2360001164779533e-06,
CombinatorialBnB,20,1.2249997780600097e-06,
GurobiSolver,20,2.1609998839267064e-06,
CombinatorialBnB,20,1.1219999578315765e-06,
GurobiSolver,20,1.7900001694215462e-06,
CombinatorialBnB,20,9.139998837781604e-07,
GurobiSolver,20,1.6139997569553088e-06,
CombinatorialBnB,20,8.520000847056508e-07,
GurobiSolver,20,2.114999915647786e-06,
CombinatorialBnB,20,1.2010000318696257e-06,
GurobiSolver,20,2.4930000108724926e-06,
CombinatorialBnB,20,1.2999998943996616e-06,
GurobiSolver,20,2.000000222324161e-06,
CombinatorialBnB,20,1.2710002010862809e-06,
GurobiSolver,20,2.8400004339346197e-06,
CombinatorialBnB,20,9.239997780241538e-07,
GurobiSolver,20,1.6999997569655534e-06,
CombinatorialBnB,20,1.0990002010657918e-06,
GurobiSolver,20,1.4570000530511606e-06,
CombinatorialBnB,20,1.0510002539376728e-06,
GurobiSolver,20,1.2750001587846782e-06,
CombinatorialBnB,20,1.193000116472831e-06,
GurobiSolver,20,1.1500001164677087e-06,
CombinatorialBnB,20,1.0469998414919246e-06,
GurobiSolver,20,1.1479996828711592e-06,
CombinatorialBnB,20,1.027000052999938e-06,
GurobiSolver,20,2.3060001694830135e-06,
CombinatorialBnB,20,1.4929996723367367e-06,
GurobiSolver,20,2.835000032064272e-06,
CombinatorialBnB,20,1.1770002856792416e-06,
GurobiSolver,20,4.444999831321184e-06,
CombinatorialBnB,20,1.5569999050057959e-06,
GurobiSolver,20,1.318999693467049e-06,
CombinatorialBnB,20,9.140003385255113e-07,
GurobiSolver,20,1.419000000169035e-06,
CombinatorialBnB,20,2.4109999685606454e-06,
GurobiSolver,20,1.1289998838037718e-06,
CombinatorialBnB,20,9.159998626273591e-07,
GurobiSolver,20,1.168999915535096e-06,
CombinatorialBnB,20,1.835000148275867e-06,
GurobiSolver,20,1.6770000001997687e-06,
CombinatorialBnB,20,1.2740001693600789e-06,
GurobiSolver,20,1.638999947317643e-06,
CombinatorialBnB,20,9.600003068044316e-07,
GurobiSolver,20,1.3289995877130423e-06,
CombinatorialBnB,20,9.169998520519584e-07,
GurobiSolver,20,1.427999904990429e-06,
CombinatorialBnB,20,1.041999894368928e-06,
GurobiSolver,20,1.2719997357635293e-06,
CombinatorialBnB,20,1.7030001799867023e-06,
GurobiSolver,20,2.395000137767056e-06,
CombinatorialBnB,20,1.1950000953220297e-06,
GurobiSolver,20,2.1050000214017928e-06,
CombinatorialBnB,20,1.1850002010760363e-06,
GurobiSolver,20,1.714000063657295e-06,
CombinatorialBnB,20,1.0799999472510535e-06,
GurobiSolver,20,2.595999831100926e-06,
CombinatorialBnB,20,1.1789998097810894e-06,
GurobiSolver,20,3.802000264840899e-06,
CombinatorialBnB,20,1.5350001376646105e-06,
GurobiSolver,20,2.5069998628168833e-06,
CombinatorialBnB,20,1.9479998627502937e-06,
GurobiSolver,20,1.8180003280576784e-06,
CombinatorialBnB,20,1.3210001270635985e-06,
GurobiSolver,20,1.672000053076772e-06,
CombinatorialBnB,20,1.669000084802974e-06,
GurobiSolver,20,1.6659996617818251e-06,
CombinatorialBnB,20,1.3280000530357938e-06,
GurobiSolver,20,2.0009997570014093e-06,
CombinatorialBnB,20,1.7249999473278876e-06,
GurobiSolver,20,2.607999704196118e-06,
CombinatorialBnB,20,1.1709998943842947e-06,
GurobiSolver,20,2.0160000531177502e-06,
CombinatorialBnB,20,1.2900000001536682e-06,
GurobiSolver,20,2.7269998099654913e-06,
CombinatorialBnB,20,1.06899960883311e-06,
GurobiSolver,20,1.4740003280167002e-06,
CombinatorialBnB,20,1.1639999684120994e-06,
GurobiSolver,20,1.568999778100988e-06,
CombinatorialBnB,20,1.3612000202556374e-05,
GurobiSolver,20,2.5500003175693564e-06,
CombinatorialBnB,20,1.3100002433930058e-06,
GurobiSolver,20,1.4259999261412304e-06,
CombinatorialBnB,20,1.5829996300453786e-06,
GurobiSolver,20,3.928000296582468e-06,
CombinatorialBnB,20,1.2599998626683373e-06,
GurobiSolver,20,2.4060000214376487e-06,
CombinatorialBnB,20,1.2159998732386157e-06,
GurobiSolver,20,2.598999799374724e-06,
CombinatorialBnB,20,1.1230004020035267e-06,
GurobiSolver,20,1.759000042511616e-06,
CombinatorialBnB,20,1.005999820336001e-06,
GurobiSolver,20,3.0420001166930888e-06,
CombinatorialBnB,20,1.0490002750884742e-06,
GurobiSolver,20,2.057000074273674e-06,
CombinatorialBnB,20,1.759000042511616e-06,
GurobiSolver,20,5.811999926663702e-06,
CombinatorialBnB,20,1.1699999049596954e-06,
GurobiSolver,20,1.4140000530460384e-06,
CombinatorialBnB,20,1.0130002010555472e-06,
GurobiSolver,20,1.3509998098015785e-06,
CombinatorialBnB,20,1.2400000741763506e-06,
GurobiSolver,20,1.2801000139006646e-05,
CombinatorialBnB,20,1.002999852062203e-06,
GurobiSolver,20,3.144999936921522e-06,
CombinatorialBnB,20,1.1789998097810894e-06,
GurobiSolver,20,1.728999905026285e-06,
CombinatorialBnB,20,1.2089999472664203e-06,
GurobiSolver,20,3.6800001907977276e-06,
CombinatorialBnB,20,9.989998943638057e-07,
GurobiSolver,20,2.317000053153606e-06,
CombinatorialBnB,20,1.4109996300248895e-06,
GurobiSolver,20,1.5880000319157261e-06,
CombinatorialBnB,20,1.1560000530153047e-06,
GurobiSolver,20,2.316000063729007e-06,
CombinatorialBnB,20,1.005999820336001e-06,
GurobiSolver,20,1.526999767520465e-06,
CombinatorialBnB,20,8.450001587334555e-07,
GurobiSolver,20,1.217000317410566e-06,
CombinatorialBnB,20,1.8850000742531847e-06,
GurobiSolver,20,1.5099999473022763e-06,
CombinatorialBnB,20,3.059999926335877e-06,
GurobiSolver,20,1.4390002434083726e-06,
CombinatorialBnB,20,1.2689997674897313e-06,
GurobiSolver,20,2.4290002329507843e-06,
CombinatorialBnB,20,1.1470001481939107e-06,
GurobiSolver,20,2.0019997464260086e-06,
CombinatorialBnB,20,1.1279998943791725e-06,
GurobiSolver,20,2.150999989680713e-06,
CombinatorialBnB,20,1.1909996828762814e-06,
GurobiSolver,20,2.175000190618448e-06,
CombinatorialBnB,20,1.7669999579084106e-06,
GurobiSolver,20,2.3090001377568115e-06,
CombinatorialBnB,20,1.1550000635907054e-06,
GurobiSolver,20,2.0020002011733595e-06,
CombinatorialBnB,20,1.0459998520673253e-06,
GurobiSolver,20,5.483000222739065e-06,
CombinatorialBnB,20,1.2809996405849233e-06,
GurobiSolver,20,2.139000116585521e-06,
CombinatorialBnB,20,2.322000000276603e-06,
GurobiSolver,20,2.169000254070852e-06,
CombinatorialBnB,20,1.5510004232055508e-06,
GurobiSolver,20,3.7579998206638265e-06,
CombinatorialBnB,20,2.1519999791053124e-06,
GurobiSolver,20,1.6149997463799082e-06,
CombinatorialBnB,20,1.0200001270277426e-06,
GurobiSolver,20,1.714000063657295e-06,
CombinatorialBnB,20,1.0710000424296595e-06,
GurobiSolver,20,1.3550002222473267e-06,
CombinatorialBnB,20,1.4009997357788961e-06,
GurobiSolver,20,1.4920001376594882e-06,
CombinatorialBnB,20,8.434999926976161e-06,
GurobiSolver,20,1.5989999155863188e-06,
CombinatorialBnB,20,1.1050001376133878e-06,
GurobiSolver,20,1.8399996406515129e-06,
CombinatorialBnB,20,8.860001798893791e-07,
GurobiSolver,20,1.0920002750935964e-06,
CombinatorialBnB,20,2.286999915668275e-06,
GurobiSolver,20,2.3210000108520035e-06,
CombinatorialBnB,20,1.1170000107085798e-06,
GurobiSolver,20,5.304999831423629e-06,
CombinatorialBnB,20,1.4080001164984424e-06,
GurobiSolver,20,2.3210000108520035e-06,
CombinatorialBnB,20,9.90999978967011e-07,
GurobiSolver,20,1.817000338633079e-06,
CombinatorialBnB,20,1.160000010713702e-06,
GurobiSolver,20,1.3400003808783367e-06,
CombinatorialBnB,20,9.109999155043624e-07,
GurobiSolver,20,1.1970000741712283e-06,
CombinatorialBnB,20,1.1209999684069771e-06,
GurobiSolver,20,1.7960001059691422e-06,
CombinatorialBnB,20,1.7749998733052053e-06,
GurobiSolver,20,2.0099996618228033e-06,
CombinatorialBnB,20,1.3429998944047838e-06,
GurobiSolver,20,2.7040000531997066e-06,
CombinatorialBnB,20,1.0980002116411924e-06,
GurobiSolver,20,1.9350000002305023e-06,
CombinatorialBnB,20,1.2489999789977446e-06,
GurobiSolver,20,1.5219998203974683e-06,
CombinatorialBnB,20,9.85000042419415e-07,
GurobiSolver,20,2.6020002223958727e-06,
CombinatorialBnB,20,1.5589998838549946e-06,
GurobiSolver,20,2.168999799323501e-06,
CombinatorialBnB,20,1.0789999578264542e-06,
GurobiSolver,20,1.7369998204230797e-06,
CombinatorialBnB,20,1.0339999789721332e-06,
GurobiSolver,20,2.266000137751689e-06,
CombinatorialBnB,20,1.1239999366807751e-06,
GurobiSolver,20,2.1890000425628386e-06,
CombinatorialBnB,20,1.6559997675358318e-06,
GurobiSolver,20,2.1340001694625244e-06,
CombinatorialBnB,20,1.1170000107085798e-06,
GurobiSolver,20,1.8310001905774698e-06,
CombinatorialBnB,20,1.2509999578469433e-06,
GurobiSolver,20,1.635999979043845e-06,
CombinatorialBnB,20,1.1699999049596954e-06,
GurobiSolver,20,4.01599982069456e-06,
CombinatorialBnB,20,1.5259997780958656e-06,
GurobiSolver,20,1.7890001799969468e-06,
CombinatorialBnB,20,1.0670000847312622e-06,
GurobiSolver,20,1.5539999367319979e-06,
CombinatorialBnB,20,1.0160001693293452e-06,
GurobiSolver,20,2.586999926279532e-06,
CombinatorialBnB,20,1.180999788630288e-06,
GurobiSolver,20,5.650999810313806e-06,
CombinatorialBnB,20,1.3389999367063865e-06,
GurobiSolver,20,2.674999905138975e-06,
CombinatorialBnB,20,1.0730000212788582e-06,
GurobiSolver,20,1.3310000213095918e-06,
CombinatorialBnB,20,9.69999746303074e-07,
GurobiSolver,20,1.4239999472920317e-06,
CombinatorialBnB,20,8.279998837679159e-07,
GurobiSolver,20,1.2780001270584762e-06,
CombinatorialBnB,20,1.0500002645130735e-06,
GurobiSolver,20,2.454999957990367e-06,
CombinatorialBnB,20,9.599998520570807e-07,
GurobiSolver,20,1.4180000107444357e-06,
CombinatorialBnB,20,1.0969997674692422e-06,
GurobiSolver,20,1.6139997569553088e-06,
CombinatorialBnB,20,1.2219998097862117e-06,
GurobiSolver,20,2.3719999262539204e-06,
CombinatorialBnB,20,1.1909996828762814e-06,
GurobiSolver,20,1.3909998415329028e-06,
CombinatorialBnB,20,1.1860001905006357e-06,
GurobiSolver,20,2.4959999791462906e-06,
CombinatorialBnB,20,1.2489999789977446e-06,
GurobiSolver,20,4.086999979335815e-06,
CombinatorialBnB,20,1.3540002328227274e-06,
GurobiSolver,20,2.1010000637033954e-06,
CombinatorialBnB,20,1.1799997992056888e-06,
GurobiSolver,20,2.1519999791053124e-06,
CombinatorialBnB,20,1.1150000318593811e-06,
GurobiSolver,20,1.9990002328995615e-06,
CombinatorialBnB,20,9.4600000011269e-07,
GurobiSolver,20,1.499999598308932e-06,
CombinatorialBnB,20,2.00100021174876e-06,
GurobiSolver,20,1.2269997569092084e-06,
CombinatorialBnB,20,1.1969996194238774e-06,
GurobiSolver,20,1.1950000953220297e-06,
CombinatorialBnB,20,8.500001058564521e-07,
GurobiSolver,20,1.4209999790182337e-06,
CombinatorialBnB,20,8.349998097401112e-07,
GurobiSolver,20,1.3280000530357938e-06,
CombinatorialBnB,20,1.5705000350862974e-05,
GurobiSolver,20,1.2599998626683373e-06,
CombinatorialBnB,20,8.580000212532468e-07,
GurobiSolver,20,1.4410002222575713e-06,
CombinatorialBnB,20,1.1679999261104967e-06,
GurobiSolver,20,1.3849999049853068e-06,
CombinatorialBnB,20,1.6999997569655534e-06,
GurobiSolver,20,2.0249999579391442e-06,
CombinatorialBnB,20,9.99999883788405e-07,
GurobiSolver,20,2.3430002329405397e-06,
CombinatorialBnB,20,1.0810003914230037e-06,
GurobiSolver,20,1.1580000318645034e-06,
CombinatorialBnB,20,8.769998203206342e-07,
GurobiSolver,20,1.3079998097964562e-06,
CombinatorialBnB,20,1.1189999895577785e-06,
GurobiSolver,20,1.3959997886558995e-06,
CombinatorialBnB,20,1.0830003702722024e-06,
GurobiSolver,20,1.1649999578366987e-06,
CombinatorialBnB,20,3.7650002013833728e-06,
GurobiSolver,20,2.1260002540657297e-06,
CombinatorialBnB,20,1.4329998521134257e-06,
GurobiSolver,20,1.6909998521441594e-06,
CombinatorialBnB,20,9.779996616998687e-07,
GurobiSolver,20,3.5620000744529534e-06,
CombinatorialBnB,20,1.9139997675665654e-06,
GurobiSolver,20,3.3599999369471334e-06,
CombinatorialBnB,20,1.1150000318593811e-06,
GurobiSolver,20,1.901000359794125e-06,
CombinatorialBnB,20,8.019997039809823e-07,
GurobiSolver,20,1.5169998732744716e-06,
CombinatorialBnB,20,3.208000180165982e-06,
GurobiSolver,20,1.3270000636111945e-06,
CombinatorialBnB,20,7.670000741200056e-07,
GurobiSolver,20,1.1650004125840496e-06,
CombinatorialBnB,20,1.0369999472459313e-06,
GurobiSolver,20,2.8130002647230867e-06,
CombinatorialBnB,20,1.0140001904801466e-06,
GurobiSolver,20,1.204999989568023e-06,
CombinatorialBnB,20,2.3689999579801224e-06,
GurobiSolver,20,1.4900001588102896e-06,
CombinatorialBnB,20,1.1410002116463147e-06,
GurobiSolver,20,3.445999936957378e-06,
CombinatorialBnB,20,1.1550000635907054e-06,
GurobiSolver,20,1.1610000001383014e-06,
CombinatorialBnB,20,9.780001164472196e-07,
GurobiSolver,20,1.8000000636675395e-06,
CombinatorialBnB,20,1.2279997463338077e-06,
GurobiSolver,20,1.273999714612728e-06,
CombinatorialBnB,20,1.1669999366858974e-06,
GurobiSolver,20,1.0320000001229346e-06,
CombinatorialBnB,20,9.089999366551638e-07,
GurobiSolver,20,1.5040000107546803e-06,
CombinatorialBnB,20,1.5589998838549946e-06,
GurobiSolver,20,2.1770001694676466e-06,
CombinatorialBnB,20,1.094000253942795e-06,
GurobiSolver,20,2.0259999473637436e-06,
CombinatorialBnB,20,2.1159999050723854e-06,
GurobiSolver,20,2.235000010841759e-06,
CombinatorialBnB,20,1.3720000424655154e-06,
GurobiSolver,20,3.0830001378490124e-06,
CombinatorialBnB,20,1.0549997568887193e-06,
GurobiSolver,20,1.9869999050570186e-06,
CombinatorialBnB,20,2.350000158912735e-06,
GurobiSolver,20,2.2270000954449642e-06,
CombinatorialBnB,20,1.1259999155299738e-06,
GurobiSolver,20,2.7130004127684515e-06,
CombinatorialBnB,20,1.6439998944406398e-06,
GurobiSolver,20,1.2269997569092084e-06,
CombinatorialBnB,20,2.143999608961167e-06,
GurobiSolver,20,4.153999725531321e-06,
CombinatorialBnB,20,1.1269999049545731e-06,
GurobiSolver,20,1.910000264615519e-06,
CombinatorialBnB,20,1.3070002751192078e-06,
GurobiSolver,20,1.297999915550463e-06,
CombinatorialBnB,20,1.1180000001331791e-06,
GurobiSolver,20,1.4809997992415447e-06,
CombinatorialBnB,20,1.3100002433930058e-06,
GurobiSolver,20,1.1479996828711592e-06,
CombinatorialBnB,20,9.679997674538754e-07,
GurobiSolver,20,1.3609997040475719e-06,
CombinatorialBnB,20,2.6500001695239916e-06,
GurobiSolver,20,6.663000021944754e-06,
CombinatorialBnB,20,1.2790001164830755e-06,
GurobiSolver,20,1.4380002539837733e-06,
CombinatorialBnB,20,9.089999366551638e-07,
GurobiSolver,20,1.9589997464208864e-06,
CombinatorialBnB,20,2.939999831141904e-06,
GurobiSolver,20,2.1320001906133257e-06,
CombinatorialBnB,20,9.559998943586834e-07,
GurobiSolver,20,2.3059997147356626e-06,
CombinatorialBnB,20,1.190000148199033e-06,
GurobiSolver,20,1.957999756996287e-06,
CombinatorialBnB,20,8.020001587283332e-07,
GurobiSolver,20,2.0919997041346505e-06,
CombinatorialBnB,20,1.3229996511654463e-06,
GurobiSolver,20,4.039999566884944e-06,
CombinatorialBnB,20,2.098999630106846e-06,
GurobiSolver,20,1.7990000742429402e-06,
CombinatorialBnB,20,9.810000847210176e-07,
GurobiSolver,20,1.4449997252086177e-06,
CombinatorialBnB,20,9.589998626324814e-07,
GurobiSolver,20,1.4919996829121374e-06,
CombinatorialBnB,20,1.2009995771222748e-06,
GurobiSolver,20,1.2460000107239466e-06,
CombinatorialBnB,20,1.2109000181226293e-05,
GurobiSolver,20,1.14800013761851e-06,
CombinatorialBnB,20,1.5790001270943321e-06,
GurobiSolver,20,1.3979997675050981e-06,
CombinatorialBnB,20,1.0019998626376037e-06,
GurobiSolver,20,1.7440002011426259e-06,
CombinatorialBnB,20,1.032999989547534e-06,
GurobiSolver,20,1.8159998944611289e-06,
CombinatorialBnB,20,8.490001164318528e-07,
GurobiSolver,20,1.5639998309779912e-06,
CombinatorialBnB,20,1.0800004019984044e-06,
GurobiSolver,20,1.421999968442833e-06,
CombinatorialBnB,20,1.1650004125840496e-06,
GurobiSolver,20,1.630000042496249e-06,
CombinatorialBnB,20,1.4979996194597334e-06,
GurobiSolver,20,4.344999979366548e-06,
CombinatorialBnB,20,1.22600022223196e-06,
GurobiSolver,20,1.3970002328278497e-06,
CombinatorialBnB,20,1.946000338648446e-06,
GurobiSolver,20,1.5229998098220676e-06,
CombinatorialBnB,20,9.179998414765578e-07,
GurobiSolver,20,2.042000232904684e-06,
CombinatorialBnB,20,1.737999809847679e-06,
GurobiSolver,20,2.1490000108315144e-06,
CombinatorialBnB,20,1.1170000107085798e-06,
GurobiSolver,20,1.9959998098784126e-06,
CombinatorialBnB,20,1.794999661797192e-06,
GurobiSolver,20,1.5330001588154119e-06,
CombinatorialBnB,20,1.2030000107188243e-06,
GurobiSolver,20,1.2609998520929366e-06,
CombinatorialBnB,20,9.61000296229031e-07,
GurobiSolver,20,1.2030000107188243e-06,
CombinatorialBnB,20,9.870000212686136e-07,
GurobiSolver,20,2.9050002012809273e-06,
CombinatorialBnB,20,1.6610001694061793e-06,
GurobiSolver,20,1.5320001693908125e-06,
CombinatorialBnB,20,1.1550000635907054e-06,
GurobiSolver,20,1.2850000530306716e-06,
CombinatorialBnB,20,1.0109997674589977e-06,
GurobiSolver,20,1.362000148219522e-06,
CombinatorialBnB,20,1.9799999790848233e-06,
GurobiSolver,20,4.518999958236236e-06,
CombinatorialBnB,20,1.5290002011170145e-06,
GurobiSolver,20,1.2939999578520656e-06,
CombinatorialBnB,20,1.1009997251676396e-06,
GurobiSolver,20,1.4380002539837733e-06,
CombinatorialBnB,20,8.809997780190315e-07,
GurobiSolver,20,1.2269997569092084e-06,
CombinatorialBnB,20,2.1500000002561137e-06,
GurobiSolver,20,1.4030001693754457e-06,
CombinatorialBnB,20,1.8480000107956585e-06,
GurobiSolver,20,4.945999990013661e-06,
CombinatorialBnB,20,1.1259999155299738e-06,
GurobiSolver,20,1.213999894389417e-06,
CombinatorialBnB,20,8.229999366449192e-07,
GurobiSolver,20,1.638999947317643e-06,
CombinatorialBnB,20,1.6579997463850304e-06,
GurobiSolver,20,2.0020002011733595e-06,
CombinatorialBnB,20,1.1029997040168382e-06,
GurobiSolver,20,1.1249999261053745e-06,
CombinatorialBnB,20,9.660002433520276e-07,
GurobiSolver,20,1.0799999472510535e-06,
CombinatorialBnB,20,8.540000635548495e-07,
GurobiSolver,20,1.3889998626837041e-06,
CombinatorialBnB,20,9.339996722701471e-07,
GurobiSolver,20,1.2059999789926223e-06,
CombinatorialBnB,20,9.020000106829684e-07,
GurobiSolver,20,1.25599990496994e-06,
CombinatorialBnB,20,8.590000106778461e-07,
GurobiSolver,20,2.042000232904684e-06,
CombinatorialBnB,20,9.150003279501107e-07,
GurobiSolver,20,2.425000275252387e-06,
CombinatorialBnB,20,1.2010000318696257e-06,
GurobiSolver,20,3.452000328252325e-06,
CombinatorialBnB,20,8.429997251369059e-07,
GurobiSolver,20,1.324999630014645e-06,
CombinatorialBnB,20,9.569998837832827e-07,
GurobiSolver,20,1.2919999790028669e-06,
CombinatorialBnB,20,1.0870003279705998e-06,
GurobiSolver,20,1.180999788630288e-06,
CombinatorialBnB,20,1.1140000424347818e-06,
GurobiSolver,20,2.9210000320745166e-06,
CombinatorialBnB,20,1.0039998414868023e-06,
GurobiSolver,20,1.2729997251881287e-06,
CombinatorialBnB,20,1.2740001693600789e-06,
GurobiSolver,20,2.2890003492648248e-06,
CombinatorialBnB,20,9.99999883788405e-07,
GurobiSolver,20,1.2159998732386157e-06,
CombinatorialBnB,20,9.479999789618887e-07,
GurobiSolver,20,1.2430000424501486e-06,
CombinatorialBnB,20,1.0779999684018549e-06,
GurobiSolver,20,1.5139999050006736e-06,
CombinatorialBnB,20,1.018000148178544e-06,
GurobiSolver,20,1.3330000001587905e-06,
CombinatorialBnB,20,1.1180000001331791e-06,
GurobiSolver,20,1.651000275160186e-06,
CombinatorialBnB,20,1.0379999366705306e-06,
GurobiSolver,20,1.4289998944150284e-06,
CombinatorialBnB,20,8.699998943484388e-07,
GurobiSolver,20,1.7570000636624172e-06,
CombinatorialBnB,20,8.749998414714355e-07,
GurobiSolver,20,2.2549997993337456e-06,
CombinatorialBnB,20,9.139998837781604e-07,
GurobiSolver,20,1.5240002539940178e-06,
CombinatorialBnB,20,1.0470002962392755e-06,
GurobiSolver,20,1.2669997886405326e-06,
CombinatorialBnB,20,1.1800002539530396e-06,
GurobiSolver,20,1.1880001693498343e-06,
CombinatorialBnB,20,1.0009998732130043e-06,
GurobiSolver,20,1.17799982035649e-06,
CombinatorialBnB,20,8.519996299582999e-07,
GurobiSolver,20,1.577999682922382e-06,
CombinatorialBnB,20,1.0250000741507392e-06,
GurobiSolver,20,1.2420000530255493e-06,
CombinatorialBnB,20,9.43000031838892e-07,
GurobiSolver,20,2.4889995984267443e-06,
CombinatorialBnB,20,1.1679999261104967e-06,
GurobiSolver,20,3.7579998206638265e-06,
CombinatorialBnB,20,1.0799999472510535e-06,
GurobiSolver,20,1.5880000319157261e-06,
CombinatorialBnB,20,1.018000148178544e-06,
GurobiSolver,20,2.054000105999876e-06,
CombinatorialBnB,20,2.91600008495152e-06,
GurobiSolver,20,4.588000138028292e-06,
CombinatorialBnB,20,1.1150000318593811e-06,
GurobiSolver,20,1.995000275201164e-06,
CombinatorialBnB,20,8.890001481631771e-07,
GurobiSolver,20,1.7760003174771555e-06,
CombinatorialBnB,20,8.479996722599026e-07,
GurobiSolver,20,1.4830002328380942e-06,
CombinatorialBnB,20,1.041999894368928e-06,
GurobiSolver,20,1.2989999049750622e-06,
CombinatorialBnB,20,1.0219996511295903e-06,
GurobiSolver,20,1.466999947297154e-06,
CombinatorialBnB,20,2.271000084874686e-06,
GurobiSolver,20,1.1439997251727618e-06,
CombinatorialBnB,20,1.6259996300505009e-06,
GurobiSolver,20,1.0959997780446429e-06,
CombinatorialBnB,20,1.67500002135057e-06,
GurobiSolver,20,1.1080001058871858e-06,
CombinatorialBnB,20,1.3019998732488602e-06,
GurobiSolver,20,1.0829999155248515e-06,
CombinatorialBnB,20,9.28000190469902e-07,
GurobiSolver,20,1.199000053020427e-06,
CombinatorialBnB,20,1.3369999578571878e-06,
GurobiSolver,20,1.452000105928164e-06,
CombinatorialBnB,20,8.950000847107731e-07,
GurobiSolver,20,1.3229996511654463e-06,
CombinatorialBnB,20,1.142000201070914e-06,
GurobiSolver,20,1.0540002222114708e-06,
CombinatorialBnB,20,1.8120003915100824e-06,
GurobiSolver,20,1.4380002539837733e-06,
CombinatorialBnB,20,1.0529997780395206e-06,
GurobiSolver,20,1.0750000001280569e-06,
CombinatorialBnB,20,8.429997251369059e-07,
GurobiSolver,20,1.693000285740709e-06,
CombinatorialBnB,20,1.1430001904955134e-06,
GurobiSolver,20,1.2299997251830064e-06,
CombinatorialBnB,20,1.4840002222626936e-06,
GurobiSolver,20,3.519000074447831e-06,
CombinatorialBnB,20,2.1760001800430473e-06,
GurobiSolver,20,1.9290000636829063e-06,
CombinatorialBnB,20,1.6520002645847853e-06,
GurobiSolver,20,2.204999873356428e-06,
CombinatorialBnB,20,9.929999578162096e-07,
GurobiSolver,20,1.7689999367576092e-06,
CombinatorialBnB,20,1.100000190490391e-06,
GurobiSolver,20,1.8139999156119302e-06,
CombinatorialBnB,20,8.780002644925844e-07,
GurobiSolver,20,1.2730001799354795e-06,
CombinatorialBnB,20,9.599998520570807e-07,
GurobiSolver,20,1.8810001165547874e-06,
CombinatorialBnB,20,1.5430000530614052e-06,
GurobiSolver,20,1.883000095403986e-06,
CombinatorialBnB,20,1.1819997780548874e-06,
GurobiSolver,20,1.928000074258307e-06,
CombinatorialBnB,20,1.1619999895629007e-06,
GurobiSolver,20,1.7789998310036026e-06,
CombinatorialBnB,20,1.0960002327919938e-06,
GurobiSolver,20,1.9709996195160784e-06,
CombinatorialBnB,20,1.0809999366756529e-06,
GurobiSolver,20,1.8000000636675395e-06,
CombinatorialBnB,20,1.1409997568989638e-06,
GurobiSolver,20,2.4169999051082414e-06,
CombinatorialBnB,20,1.7789998310036026e-06,
GurobiSolver,20,1.3369999578571878e-06,
CombinatorialBnB,20,1.0759999895526562e-06,
GurobiSolver,20,1.0889998520724475e-06,
CombinatorialBnB,20,8.990000424091704e-07,
GurobiSolver,20,1.371000053040916e-06,
CombinatorialBnB,20,7.749999895168003e-07,
GurobiSolver,20,1.2460000107239466e-06,
CombinatorialBnB,20,9.560003491060343e-07,
GurobiSolver,20,1.3049998415226582e-06,
CombinatorialBnB,20,8.140000318235252e-07,
GurobiSolver,20,1.0799999472510535e-06,
CombinatorialBnB,20,8.259999049187172e-07,
GurobiSolver,20,1.2519999472715426e-06,
CombinatorialBnB,20,9.570003385306336e-07,
GurobiSolver,20,1.398000222252449e-06,
CombinatorialBnB,20,9.780001164472196e-07,
GurobiSolver,20,1.2369996511552017e-06,
CombinatorialBnB,20,9.180002962239087e-07,
GurobiSolver,20,1.7849997675511986e-06,
CombinatorialBnB,20,1.0710000424296595e-06,
GurobiSolver,20,1.8330001694266684e-06,
CombinatorialBnB,20,1.1649999578366987e-06,
GurobiSolver,20,1.8349996935285162e-06,
CombinatorialBnB,20,9.90999978967011e-07,
GurobiSolver,20,1.67500002135057e-06,
CombinatorialBnB,20,1.030000021273736e-06,
GurobiSolver,20,1.1670003914332483e-06,
CombinatorialBnB,20,1.0019998626376037e-06,
GurobiSolver,20,1.711000095383497e-06,
CombinatorialBnB,20,1.1830002222268376e-06,
GurobiSolver,20,1.64500033861259e-06,
CombinatorialBnB,20,1.0799999472510535e-06,
GurobiSolver,20,3.6819997148995753e-06,
CombinatorialBnB,20,1.1060001270379871e-06,
GurobiSolver,20,1.7300003491982352e-06,
CombinatorialBnB,20,1.1440001799201127e-06,
GurobiSolver,20,1.8439995983499102e-06,
CombinatorialBnB,20,1.0069998097606003e-06,
GurobiSolver,20,2.1700002434954513e-06,
CombinatorialBnB,20,1.2250002328073606e-06,
GurobiSolver,20,2.7219998628424946e-06,
CombinatorialBnB,20,8.869997145666275e-07,
GurobiSolver,20,1.2030000107188243e-06,
CombinatorialBnB,20,8.369997885893099e-07,
GurobiSolver,20,1.3179997040424496e-06,
CombinatorialBnB,20,2.8459999157348648e-06,
GurobiSolver,20,1.1950000953220297e-06,
CombinatorialBnB,20,1.1829997674794868e-06,
GurobiSolver,20,1.7789998310036026e-06,
CombinatorialBnB,20,1.3260000741865952e-06,
GurobiSolver,20,1.5350001376646105e-06,
CombinatorialBnB,20,1.0199996722803917e-06,
GurobiSolver,20,1.9620001694420353e-06,
CombinatorialBnB,20,1.0429998837935273e-06,
GurobiSolver,20,1.6879998838703614e-06,
CombinatorialBnB,20,1.0899998414970469e-06,
GurobiSolver,20,1.5300001905416138e-06,
CombinatorialBnB,20,1.0339999789721332e-06,
GurobiSolver,20,2.190000031987438e-06,
CombinatorialBnB,20,1.02400008472614e-06,
GurobiSolver,20,1.8509999790694565e-06,
CombinatorialBnB,20,1.027000052999938e-06,
GurobiSolver,20,1.419000000169035e-06,
CombinatorialBnB,20,1.011999756883597e-06,
GurobiSolver,20,1.666000116529176e-06,
CombinatorialBnB,20,8.570000318286475e-07,
GurobiSolver,20,1.2959999367012642e-06,
CombinatorialBnB,20,1.2059999789926223e-06,
GurobiSolver,20,1.4060001376492437e-06,
CombinatorialBnB,20,2.325999957975e-06,
GurobiSolver,20,1.2159998732386157e-06,
CombinatorialBnB,20,2.4779997147561517e-06,
GurobiSolver,20,2.49699996857089e-06,
CombinatorialBnB,20,1.06899960883311e-06,
GurobiSolver,20,1.8360001377004664e-06,
CombinatorialBnB,20,4.898000042885542e-06,
GurobiSolver,20,3.7189997783571016e-06,
CombinatorialBnB,20,1.124000391428126e-06,
GurobiSolver,20,1.998000243474962e-06,
CombinatorialBnB,20,2.3329998839471955e-06,
GurobiSolver,20,3.946000106225256e-06,
CombinatorialBnB,20,1.0769999789772555e-06,
GurobiSolver,20,1.4470001588051673e-06,
CombinatorialBnB,20,1.455000074201962e-06,
GurobiSolver,20,1.7370002751704305e-06,
CombinatorialBnB,20,1.1060001270379871e-06,
GurobiSolver,20,1.413000063621439e-06,
CombinatorialBnB,20,9.940004019881599e-07,
GurobiSolver,20,1.4110000847722404e-06,
CombinatorialBnB,20,1.0390003808424808e-06,
GurobiSolver,20,1.5180003174464218e-06,
CombinatorialBnB,20,1.1729998732334934e-06,
GurobiSolver,20,1.4209999790182337e-06,
CombinatorialBnB,20,1.485000211687293e-06,
GurobiSolver,20,1.686999894445762e-06,
CombinatorialBnB,20,9.809996299736667e-07,
GurobiSolver,20,1.267999778065132e-06,
CombinatorialBnB,20,9.76000137598021e-07,
GurobiSolver,20,1.3539997780753765e-06,
CombinatorialBnB,20,9.469999895372894e-07,
GurobiSolver,20,1.6160001905518584e-06,
